Unique Word,Year,Count,Slope
gx,2010,1,-0.2276709006307398
gx,2011,0,-0.26933756729740643
gx,2012,0,-0.31100423396407306
gx,2013,0,-0.2693375672974064
gx,2014,0,-0.15550211698203648
gx,2015,0,4.163336342344337e-17
gx,2016,0,0.15550211698203648
gx,2017,0,0.2693375672974064
gx,2018,0,0.311004233964073
gx,2019,0,0.26933756729740643
gx,2020,1,0.15550211698203653
gx,2021,2,0.08333333333333326
archer,1993,2,-0.5530270833705028
archer,1994,0,-0.5436797482226617
archer,1995,0,-0.46137399683375246
archer,1996,0,-0.28129406289365994
archer,1997,0,-0.07107616514394426
archer,1998,0,0.09872391177385974
archer,1999,0,0.18075278939622563
archer,2000,0,0.16656280344102725
archer,2001,0,0.08613904332609215
archer,2002,1,-0.007865673929231431
archer,2003,0,-0.06414872652783288
archer,2004,0,-0.05481574896657275
archer,2005,0,0.01366781988322753
archer,2006,1,0.1049569459410317
archer,2007,0,0.17050788774523185
archer,2008,0,0.1726598588713725
archer,2009,1,0.1030414422847209
archer,2010,2,-0.011816078645909
archer,2011,0,-0.12039228252855005
archer,2012,0,-0.16776899804507944
archer,2013,0,-0.1200002182749221
archer,2014,1,0.01904297245942868
archer,2015,0,0.20579076337684113
archer,2016,2,0.3714901480305496
archer,2017,1,0.44783784975488894
archer,2018,1,0.39377030656835477
archer,2019,0,0.21273835866500157
archer,2020,4,-0.046614789418499836
archer,2021,2,-0.1872383529479329
word features,2017,1,0.0
word features,2018,1,0.0
word features,2019,0,0.0
word features,2020,2,0.0
word features,2021,1,0.0
simple system,2016,1,0.0
simple system,2017,0,0.0
simple system,2018,0,0.0
simple system,2019,0,0.0
simple system,2020,0,0.0
simple system,2021,1,0.0
gulu,2003,2,0.3112893205273378
gulu,2004,0,0.32964494966622104
gulu,2005,0,0.3142745676458661
gulu,2006,1,0.19674453546766413
gulu,2007,2,0.0011971849203356033
gulu,2008,4,-0.21586056616853921
gulu,2009,0,-0.38657418120845477
gulu,2010,0,-0.45779064801448827
gulu,2011,0,-0.4114324893231384
gulu,2012,0,-0.27082577529711227
gulu,2013,0,-0.090453893698074
gulu,2014,0,0.06649755131087301
gulu,2015,0,0.15339149035717162
gulu,2016,0,0.15768832745394606
gulu,2017,0,0.10362195021781673
gulu,2018,0,0.03915735714617842
gulu,2019,0,0.01303597784647964
gulu,2020,0,0.05188461550517964
gulu,2021,1,0.08887016009650223
kgp,2019,3,0.0
kgp,2020,4,0.0
kgp,2021,4,0.0
kgp,2022,1,0.0
dpr,2018,3,0.0
dpr,2019,0,0.0
dpr,2020,2,0.0
dpr,2021,2,0.0
dpr,2022,2,0.0
boun,1978,2,-3.320327762904113
boun,1979,0,-3.1219183107465778
boun,1980,0,-2.498122046443243
boun,1981,0,-1.5288906428956877
boun,1982,0,-0.4531945791128255
boun,1983,0,0.4813318035181216
boun,1984,1,1.0837449041174883
boun,1985,0,1.2666869787613215
boun,1986,2,1.0621657376211522
boun,1987,1,0.6029200653850605
boun,1988,2,0.07620135443293119
boun,1989,1,-0.3353226021097033
boun,1990,1,-0.5075155976685369
boun,1991,2,-0.40769698943951604
boun,1992,3,-0.09753459924734276
boun,1993,2,0.29367642837441743
boun,1994,6,0.615860717932484
boun,1995,0,0.7496913970087051
boun,1996,4,0.6462904514002581
boun,1997,4,0.34267183140814317
boun,1998,0,-0.05160226267675205
boun,1999,2,-0.39185841490826734
boun,2000,5,-0.5474875720035464
boun,2001,6,-0.446790420515889
boun,2002,1,-0.10280785538645443
boun,2003,3,0.3885034706541124
boun,2004,7,0.8775743698047451
boun,2005,4,1.2089987495315202
boun,2006,5,1.2727045677512558
boun,2007,3,1.04206250329189
boun,2008,2,0.5862701092538973
boun,2009,11,0.05220171377346183
boun,2010,13,-0.3795656800374152
boun,2011,5,-0.5515866908023996
boun,2012,10,-0.3818707462909354
boun,2013,8,0.10480966183152729
boun,2014,7,0.7771587258538433
boun,2015,3,1.4303405571542473
boun,2016,12,1.8429844079378084
boun,2017,8,1.8419945462185963
boun,2018,6,1.356177426782426
boun,2019,21,0.44255889628252376
boun,2020,25,-0.7230267863030511
boun,2021,9,-1.8891804210569818
boun,2022,14,-2.438074111095009
domain learning,2008,1,0.10966966931429178
domain learning,2009,0,0.09944354174773645
domain learning,2010,0,0.07127803590128118
domain learning,2011,0,0.030787910106866823
domain learning,2012,1,-0.015025725044407301
domain learning,2013,3,-0.0582412758310768
domain learning,2014,1,-0.09138638092117268
domain learning,2015,0,-0.10872995053079071
domain learning,2016,0,-0.10727312391304444
domain learning,2017,0,-0.08726779962499642
domain learning,2018,0,-0.05217307997871598
domain learning,2019,1,-0.008057160826563797
domain learning,2020,0,0.03745191462950956
domain learning,2021,1,0.07648521380617754
domain learning,2022,1,0.09342800703351373
hupa,2021,1,0.0
hupa,2022,2,0.0
ggnn,2021,1,0.0
ggnn,2022,1,0.0
agent interactions,2014,1,-0.1655777578040416
agent interactions,2015,1,-0.2494555455686875
agent interactions,2016,0,-0.3392259354709719
agent interactions,2017,0,-0.27026874009006263
agent interactions,2018,1,-0.07484979751854781
agent interactions,2019,0,0.15559219717473416
agent interactions,2020,0,0.3132308735953027
agent interactions,2021,0,0.3243053430872353
agent interactions,2022,2,0.2876139857989143
layer selection,2021,1,0.0
layer selection,2022,1,0.0
mre,2014,1,-0.3853234570846714
mre,2015,0,-0.40504774274342153
mre,2016,1,-0.34511853760861033
mre,2017,0,-0.12370453316142639
mre,2018,1,0.15559219717473421
mre,2019,0,0.3620856092381814
mre,2020,0,0.39915514060578294
mre,2021,2,0.24945554556868732
mre,2022,2,0.13164361454489937
japanese ccg,2013,1,-0.10628817945420266
japanese ccg,2014,0,-0.15044188490411692
japanese ccg,2015,0,-0.2078579333086124
japanese ccg,2016,1,-0.19928055654159962
japanese ccg,2017,0,-0.12743301112175684
japanese ccg,2018,0,-0.01512638506938669
japanese ccg,2019,0,0.10198276136458403
japanese ccg,2020,0,0.18671310164105798
japanese ccg,2021,0,0.21216335139823084
japanese ccg,2022,1,0.17025323616107194
japanese ccg,2023,1,0.13281286536336478
checkpoint,2011,1,-0.6220084679281461
checkpoint,2012,0,-0.5996793685588859
checkpoint,2013,0,-0.4776709006307397
checkpoint,2014,0,-0.22767090063073972
checkpoint,2015,0,0.08333333333333341
checkpoint,2016,0,0.3720084679281462
checkpoint,2017,0,0.561004233964073
checkpoint,2018,0,0.5996793685588859
checkpoint,2019,1,0.4776709006307395
checkpoint,2020,4,0.2276709006307397
checkpoint,2021,1,-0.08333333333333315
checkpoint,2022,2,-0.24401693585629225
hatebert,2021,1,0.0
hatebert,2022,1,0.0
nade,2017,1,0.0
nade,2018,0,0.0
nade,2019,1,0.0
nade,2020,0,0.0
nade,2021,1,0.0
patent task,2019,1,0.0
patent task,2020,0,0.0
patent task,2021,1,0.0
vita,2005,1,-0.9486505694402785
vita,2006,0,-0.770025095418543
vita,2007,0,-0.37126501125081024
vita,2008,0,0.022589206448138277
vita,2009,0,0.2637464677777596
vita,2010,1,0.284325650161321
vita,2011,0,0.12131749164974377
vita,2012,0,-0.10396409030309467
vita,2013,0,-0.24273918638140835
vita,2014,0,-0.1873324967501288
vita,2015,0,0.07809165518360785
vita,2016,0,0.4666030017242413
vita,2017,3,0.822455888783422
vita,2018,1,0.9858927437205715
vita,2019,0,0.8615666839261834
vita,2020,4,0.46161439039900465
vita,2021,5,-0.09509568322837625
vita,2022,5,-0.6276958973111666
vita,2023,1,-0.863491218139278
fon,1977,1,-0.8154104577591803
fon,1978,0,-0.7777081837603113
fon,1979,0,-0.6136389370272114
fon,1980,0,-0.3199175304827465
fon,1981,0,-0.004704970238957884
fon,1982,0,0.22343009983715356
fon,1983,0,0.29952168375525906
fon,1984,0,0.22554524357435027
fon,1985,0,0.06384899006325656
fon,1986,0,-0.09510444488039543
fon,1987,0,-0.17523067836776068
fon,1988,1,-0.14804950640084344
fon,1989,0,-0.04196626854222745
fon,1990,0,0.07571260726550709
fon,1991,0,0.13471567582923757
fon,1992,0,0.09823790784763198
fon,1993,0,-0.01756501399012121
fon,1994,0,-0.15034246232268522
fon,1995,0,-0.2214791326565787
fon,1996,0,-0.17510770427911748
fon,1997,0,-0.007649910030043727
fon,1998,0,0.22652244103871882
fon,1999,0,0.43679762466693245
fon,2000,0,0.5361750419955648
fon,2001,0,0.4813406078498832
fon,2002,3,0.2944515697722383
fon,2003,2,0.05600873980571208
fon,2004,1,-0.12888577681901192
fon,2005,2,-0.1764372805766693
fon,2006,1,-0.061932282048379084
fon,2007,1,0.1677284614997676
fon,2008,2,0.4128953011037445
fon,2009,4,0.5636933704662279
fon,2010,0,0.5478045903552753
fon,2011,2,0.3624937752431372
fon,2012,7,0.0765580146803444
fon,2013,2,-0.1989992969228107
fon,2014,5,-0.35898444412256514
fon,2015,1,-0.34979361669210896
fon,2016,2,-0.19286363105877258
fon,2017,1,0.024612412479771972
fon,2018,5,0.1878029122083935
fon,2019,2,0.2046522138342195
fon,2020,3,0.04665442270732845
fon,2021,2,-0.2377440420768726
fon,2022,4,-0.4007900134379412
t0,2006,1,0.10290337256902826
t0,2007,2,0.04501756617887598
t0,2008,1,-0.06988508302847196
t0,2009,4,-0.17534936452621164
t0,2010,0,-0.2571317427003154
t0,2011,0,-0.304187054206569
t0,2012,0,-0.31016021848357045
t0,2013,0,-0.27424452659726506
t0,2014,0,-0.20129059175261743
t0,2015,0,-0.1011512471021054
t0,2016,0,0.012649133967955223
t0,2017,0,0.12474117940437268
t0,2018,0,0.21998623734749295
t0,2019,1,0.2855209349510123
t0,2020,0,0.3124944481632799
t0,2021,0,0.2972638545595828
t0,2022,1,0.27899494572685135
usst,2017,1,0.0
usst,2018,0,0.0
usst,2019,0,0.0
usst,2020,0,0.0
usst,2021,0,0.0
usst,2022,1,0.0
author embedding,2018,1,0.0
author embedding,2019,0,0.0
author embedding,2020,0,0.0
author embedding,2021,1,0.0
query interface,2008,1,-0.11106843800624083
query interface,2009,0,-0.13578349056445854
query interface,2010,0,-0.1693192432554429
query interface,2011,0,-0.16931924325544287
query interface,2012,0,-0.1357834905644585
query interface,2013,0,-0.07535415229195505
query interface,2014,0,4.163336342344337e-17
query interface,2015,0,0.07535415229195509
query interface,2016,0,0.1357834905644585
query interface,2017,0,0.1693192432554429
query interface,2018,0,0.1693192432554429
query interface,2019,0,0.1357834905644585
query interface,2020,1,0.07535415229195508
query interface,2021,1,0.03963986657766938
chronicles,2015,1,0.0
chronicles,2016,0,0.0
chronicles,2017,0,0.0
chronicles,2018,0,0.0
chronicles,2019,0,0.0
chronicles,2020,0,0.0
chronicles,2021,1,0.0
contemporary language,2021,1,0.0
contemporary language,2022,1,0.0
diffusion,2007,1,-0.258406362237271
diffusion,2008,0,-0.2594446659076165
diffusion,2009,0,-0.21788396199872817
diffusion,2010,0,-0.10483202938902039
diffusion,2011,0,0.03540340608440762
diffusion,2012,1,0.14780144052625052
diffusion,2013,0,0.1947286343341364
diffusion,2014,0,0.17368978817456895
diffusion,2015,0,0.11498446957331926
diffusion,2016,2,0.061221361204253366
diffusion,2017,0,0.041107266702091305
diffusion,2018,2,0.0530553340923835
diffusion,2019,0,0.06814998450886622
diffusion,2020,0,0.050421864177112585
diffusion,2021,2,-0.01795193903749953
diffusion,2022,1,-0.0651568276599489
health issues,2020,1,0.0
health issues,2021,1,0.0
long-term,1990,1,-0.4556016270856995
long-term,1991,0,-0.4934150692079431
long-term,1992,0,-0.5148214939011774
long-term,1993,0,-0.4355092998673576
long-term,1994,0,-0.2826657917356573
long-term,1995,0,-0.10098932674801
long-term,1996,0,0.06075216450309204
long-term,1997,0,0.16385788675276317
long-term,1998,0,0.19023328040354934
long-term,1999,0,0.1462335436751434
long-term,2000,0,0.058856595449991195
long-term,2001,0,-0.03426106701757034
long-term,2002,0,-0.09767983180735244
long-term,2003,0,-0.10964084397919316
long-term,2004,0,-0.06854102909326407
long-term,2005,0,0.007570367823716095
long-term,2006,1,0.08814360931890851
long-term,2007,0,0.14142890122836832
long-term,2008,0,0.1460834393184713
long-term,2009,0,0.09915794864379276
long-term,2010,0,0.0177328137926836
long-term,2011,0,-0.06643358147042797
long-term,2012,1,-0.11756926954735568
long-term,2013,0,-0.10840627757361726
long-term,2014,1,-0.03041583205097359
long-term,2015,0,0.10171435949201033
long-term,2016,1,0.2530404824422303
long-term,2017,0,0.3780740920421548
long-term,2018,0,0.43437319660509255
long-term,2019,1,0.3958373433744554
long-term,2020,2,0.26153210675225913
long-term,2021,2,0.05718737820759057
long-term,2022,5,-0.05769454306354471
castle,2010,1,-0.08333333333333331
castle,2011,0,-0.11383545031536985
castle,2012,0,-0.15550211698203653
castle,2013,0,-0.15550211698203656
castle,2014,0,-0.11383545031536985
castle,2015,0,-0.04166666666666667
castle,2016,0,0.041666666666666644
castle,2017,0,0.11383545031536987
castle,2018,0,0.1555021169820365
castle,2019,0,0.15550211698203653
castle,2020,0,0.11383545031536989
castle,2021,1,0.08333333333333331
gum,1967,1,-12.96967412451911
gum,1968,0,-10.076313313363686
gum,1969,0,-4.375741777206516
gum,1970,0,0.41824783413670996
gum,1971,0,3.2018955094143577
gum,1972,0,3.6813571637171805
gum,1973,0,2.3680244303447084
gum,1974,0,0.2870619255360922
gum,1975,0,-1.4696267527159774
gum,1976,0,-2.1638638974890307
gum,1977,0,-1.64589579404855
gum,1978,2,-0.3285693412456472
gum,1979,0,1.0644861388944227
gum,1980,0,1.8533313518182144
gum,1981,3,1.7023243329251054
gum,1982,1,0.7437190671462178
gum,1983,0,-0.5159910407573425
gum,1984,2,-1.4518004139015412
gum,1985,0,-1.6156785361907358
gum,1986,1,-0.938088343811867
gum,1987,1,0.25111680570028394
gum,1988,0,1.3858254292491132
gum,1989,2,1.9320755580876208
gum,1990,5,1.637744838053976
gum,1991,0,0.650225993708238
gum,1992,4,-0.5503114640809756
gum,1993,1,-1.3709757642491294
gum,1994,4,-1.379508656874758
gum,1995,3,-0.5070198805784499
gum,1996,4,0.9122967491840616
gum,1997,2,2.2839642889437934
gum,1998,7,3.0160964873340608
gum,1999,4,2.785321944182381
gum,2000,13,1.6860164224093843
gum,2001,6,0.19397286104950417
gum,2002,14,-1.0418807812149131
gum,2003,8,-1.4882944168658199
gum,2004,18,-0.9672701069709309
gum,2005,9,0.26428271163839323
gum,2006,10,1.636028240520007
gum,2007,2,2.53772069786658
gum,2008,7,2.6240333455728067
gum,2009,26,2.0095762748854495
gum,2010,19,1.2548986245188676
gum,2011,22,1.1327195554530416
gum,2012,19,2.261934596443833
gum,2013,19,4.76269880499002
gum,2014,33,8.088998061243478
gum,2015,37,11.131068511317066
gum,2016,59,12.572652435154776
gum,2017,64,11.380445289215356
gum,2018,75,7.240005663778703
gum,2019,66,0.761798611764867
gum,2020,71,-6.638066043703226
gum,2021,78,-13.155677372860012
gum,2022,88,-17.17331292392317
gum,2023,1,-18.38543394682273
lazy,1990,2,-0.1917002149296071
lazy,1991,1,-0.2483835930314124
lazy,1992,0,-0.32004661445171295
lazy,1993,0,-0.30383126360086044
lazy,1994,0,-0.2047666154120768
lazy,1995,0,-0.05295787673525691
lazy,1996,0,0.10560826708977815
lazy,1997,0,0.22320900636579188
lazy,1998,0,0.2650606076351444
lazy,1999,0,0.21993609690282911
lazy,2000,2,0.10341757380865929
lazy,2001,1,-0.04720409421794852
lazy,2002,0,-0.18474192001808015
lazy,2003,0,-0.2668937258538339
lazy,2004,0,-0.2693312186124206
lazy,2005,0,-0.19299573319414362
lazy,2006,0,-0.06335205641731977
lazy,2007,0,0.07809139400095716
lazy,2008,0,0.18723926152484308
lazy,2009,0,0.23152232211580923
lazy,2010,0,0.20016163799625422
lazy,2011,0,0.10732790115654808
lazy,2012,1,-0.01277692470138106
lazy,2013,1,-0.11730072045812659
lazy,2014,0,-0.16890245053587177
lazy,2015,0,-0.14812212039974582
lazy,2016,0,-0.059961300802247874
lazy,2017,0,0.06747126151509382
lazy,2018,1,0.191852578210104
lazy,2019,0,0.2702596998958323
lazy,2020,0,0.27316079640160607
lazy,2021,1,0.19429355531540543
lazy,2022,1,0.13530119105292826
reference architecture,2000,1,-0.06757558674244846
reference architecture,2001,0,-0.0923423665882096
reference architecture,2002,0,-0.12655976716137024
reference architecture,2003,0,-0.12844719535407628
reference architecture,2004,0,-0.0996402782707998
reference architecture,2005,0,-0.05070271375228833
reference architecture,2006,0,0.0023424830937842506
reference architecture,2007,0,0.04313952121759496
reference architecture,2008,0,0.06015333447968775
reference architecture,2009,0,0.05021702960293404
reference architecture,2010,0,0.019356296355877038
reference architecture,2011,0,-0.019356296355877038
reference architecture,2012,0,-0.05021702960293404
reference architecture,2013,0,-0.06015333447968777
reference architecture,2014,0,-0.04313952121759497
reference architecture,2015,0,-0.0023424830937842298
reference architecture,2016,0,0.05070271375228833
reference architecture,2017,0,0.09964027827079983
reference architecture,2018,0,0.12844719535407628
reference architecture,2019,0,0.12655976716137024
reference architecture,2020,0,0.0923423665882096
reference architecture,2021,1,0.0675755867424484
logistics,1997,1,-0.047029321998171225
logistics,1998,0,-0.0656398887679564
logistics,1999,0,-0.09420866663322823
logistics,2000,0,-0.10375380474238644
logistics,2001,0,-0.09324523328599253
logistics,2002,0,-0.06626117942692258
logistics,2003,0,-0.030041476000102926
logistics,2004,0,0.006338935864438559
logistics,2005,0,0.03422223109813293
logistics,2006,0,0.04748802908725346
logistics,2007,0,0.0440186362272691
logistics,2008,0,0.026149791123805846
logistics,2009,0,-1.0408340855860843e-17
logistics,2010,0,-0.026149791123805853
logistics,2011,0,-0.0440186362272691
logistics,2012,0,-0.04748802908725346
logistics,2013,0,-0.03422223109813297
logistics,2014,0,-0.006338935864438559
logistics,2015,0,0.03004147600010297
logistics,2016,0,0.06626117942692258
logistics,2017,0,0.09324523328599253
logistics,2018,0,0.10375380474238644
logistics,2019,0,0.09420866663322823
logistics,2020,0,0.0656398887679564
logistics,2021,1,0.047029321998171225
hinge,2019,1,0.0
hinge,2020,0,0.0
hinge,2021,1,0.0
investment,2012,2,-0.37639320225002093
investment,2013,0,-0.3190983005625052
investment,2014,0,-0.15450849718747364
investment,2015,1,0.06909830056250521
investment,2016,0,0.2663118960624631
investment,2017,1,0.3618033988749896
investment,2018,1,0.3190983005625052
investment,2019,2,0.15450849718747361
investment,2020,1,-0.06909830056250521
investment,2021,1,-0.18541019662496838
day trading,2020,1,0.0
day trading,2021,2,0.0
goal-oriented document,2020,1,0.0
goal-oriented document,2021,2,0.0
goal-oriented document,2022,1,0.0
troll meme,2021,3,0.0
troll meme,2022,4,0.0
tâches,2011,1,-0.10628817945420238
tâches,2012,0,-0.1425593961911436
tâches,2013,0,-0.18671310164105798
tâches,2014,0,-0.17158671657167124
tâches,2015,0,-0.10198276136458406
tâches,2016,0,0.0
tâches,2017,0,0.10198276136458405
tâches,2018,0,0.17158671657167124
tâches,2019,0,0.186713101641058
tâches,2020,0,0.14255939619114366
tâches,2021,1,0.10628817945420249
question text,2020,1,0.0
question text,2021,1,0.0
lotte,2019,2,0.0
lotte,2020,5,0.0
lotte,2021,4,0.0
lotte,2022,3,0.0
unsupervised representation,2020,1,0.0
unsupervised representation,2021,1,0.0
vus,2006,1,-0.03661165235168162
vus,2007,0,-0.05213058243497809
vus,2008,0,-0.07801893008329651
vus,2009,0,-0.09202960286979546
vus,2010,0,-0.09202960286979545
vus,2011,0,-0.07801893008329654
vus,2012,0,-0.05213058243497809
vus,2013,0,-0.01830582617584077
vus,2014,0,0.018305826175840784
vus,2015,0,0.052130582434978076
vus,2016,0,0.07801893008329652
vus,2017,0,0.09202960286979546
vus,2018,0,0.09202960286979546
vus,2019,0,0.07801893008329654
vus,2020,0,0.05213058243497809
vus,2021,1,0.03661165235168157
attempts,1984,1,-0.07750571598103934
attempts,1985,0,-0.10437093629467649
attempts,1986,0,-0.13861635661159158
attempts,1987,0,-0.13321157874938172
attempts,1988,0,-0.0936829573429138
attempts,1989,0,-0.03671131867728346
attempts,1990,0,0.0166022451707887
attempts,1991,0,0.04880528933592594
attempts,1992,0,0.05229516548185703
attempts,1993,0,0.031300117165968866
attempts,1994,0,-0.0009310654011935142
attempts,1995,0,-0.028340408484633733
attempts,1996,0,-0.03895202509087604
attempts,1997,0,-0.029558213391176123
attempts,1998,0,-0.0063575828925173765
attempts,1999,0,0.018515139300481143
attempts,2000,0,0.032874131716327006
attempts,2001,0,0.030106906920606576
attempts,2002,0,0.01205630008647025
attempts,2003,0,-0.012056300086470238
attempts,2004,0,-0.03010690692060658
attempts,2005,0,-0.032874131716327006
attempts,2006,0,-0.01851513930048116
attempts,2007,0,0.006357582892517394
attempts,2008,0,0.029558213391176136
attempts,2009,0,0.03895202509087601
attempts,2010,0,0.028340408484633726
attempts,2011,0,0.0009310654011934968
attempts,2012,0,-0.031300117165968866
attempts,2013,0,-0.05229516548185703
attempts,2014,0,-0.048805289335925955
attempts,2015,0,-0.016602245170788694
attempts,2016,0,0.03671131867728345
attempts,2017,0,0.09368295734291385
attempts,2018,0,0.13321157874938172
attempts,2019,0,0.13861635661159158
attempts,2020,0,0.10437093629467646
attempts,2021,1,0.07750571598103917
interpolative mixup,2021,1,0.0
interpolative mixup,2022,1,0.0
emotion stimulus,2020,1,0.0
emotion stimulus,2021,1,0.0
debias,2018,2,0.0
debias,2019,8,0.0
debias,2020,8,0.0
debias,2021,14,0.0
debias,2022,13,0.0
hbert,2020,1,0.0
hbert,2021,2,0.0
hbert,2022,2,0.0
delay,1996,1,-0.6330822732676575
delay,1997,1,-0.5336266644078813
delay,1998,0,-0.28941057980918117
delay,1999,0,-0.024681508079721307
delay,2000,0,0.14143276335405291
delay,2001,0,0.15465035426851612
delay,2002,0,0.04769801542200776
delay,2003,0,-0.08310326577907172
delay,2004,1,-0.13357998150474396
delay,2005,0,-0.05020947789728078
delay,2006,0,0.1392836933947713
delay,2007,0,0.33930883525711103
delay,2008,1,0.4370099396231115
delay,2009,0,0.3639149127133124
delay,2010,3,0.13638500253858243
delay,2011,0,-0.14694933773333396
delay,2012,3,-0.35083186673409544
delay,2013,0,-0.3700740066960707
delay,2014,0,-0.18404051271476235
delay,2015,0,0.12889584213774744
delay,2016,1,0.4252256147645779
delay,2017,1,0.5628547147846821
delay,2018,3,0.46829492739856615
delay,2019,2,0.17183413432297867
delay,2020,1,-0.20643197427675897
delay,2021,2,-0.3966412561373771
art domain,2020,1,0.0
art domain,2021,1,0.0
third person,2015,1,0.0
third person,2016,0,0.0
third person,2017,0,0.0
third person,2018,0,0.0
third person,2019,0,0.0
third person,2020,0,0.0
third person,2021,1,0.0
first person,2012,1,-0.23819660112501062
first person,2013,0,-0.29270509831248426
first person,2014,0,-0.3354101966249684
first person,2015,0,-0.25
first person,2016,0,-0.06909830056250527
first person,2017,0,0.1381966011250105
first person,2018,0,0.29270509831248426
first person,2019,0,0.3354101966249685
first person,2020,0,0.2499999999999999
first person,2021,2,0.17639320225002086
label generation,2016,1,0.0
label generation,2017,0,0.0
label generation,2018,0,0.0
label generation,2019,0,0.0
label generation,2020,0,0.0
label generation,2021,2,0.0
sign language technologies,2021,1,0.0
sign language technologies,2022,1,0.0
public services,2020,1,0.0
public services,2021,1,0.0
pie,1995,1,-1.21777050132027
pie,1996,0,-1.1019568185719906
pie,1997,0,-0.7662736119379293
pie,1998,0,-0.2999288151720179
pie,1999,0,0.14133762500030506
pie,2000,0,0.4292053333740382
pie,2001,1,0.5078535622910748
pie,2002,1,0.4069364493593315
pie,2003,0,0.21892373124886788
pie,2004,1,0.05247124618950871
pie,2005,2,-0.016754531702398934
pie,2006,1,0.02383283964913918
pie,2007,2,0.12510730220081234
pie,2008,2,0.20693175124870822
pie,2009,1,0.2028093806656105
pie,2010,3,0.09695513126304589
pie,2011,0,-0.06408222766297023
pie,2012,3,-0.19131901904180815
pie,2013,1,-0.19617979550169784
pie,2014,1,-0.03677967570011409
pie,2015,4,0.2541152092709926
pie,2016,1,0.5736581759492904
pie,2017,2,0.786077956060077
pie,2018,4,0.7778845934113912
pie,2019,3,0.5080023659162247
pie,2020,3,0.031009330852253214
pie,2021,8,-0.517532959874736
pie,2022,4,-0.7887635349933562
ebook,1988,1,-0.41054290363988744
ebook,1989,0,-0.37880641842974605
ebook,1990,0,-0.32924428369665804
ebook,1991,0,-0.28590813758484174
ebook,1992,0,-0.213072527286098
ebook,1993,0,-0.10006481438379805
ebook,1994,0,0.029738113324883284
ebook,1995,0,0.13141813598609703
ebook,1996,0,0.16493925502418202
ebook,1997,0,0.12026409369336101
ebook,1998,0,0.02655774905731033
ebook,1999,0,-0.06059789974733941
ebook,2000,0,-0.08806513320419102
ebook,2001,0,-0.03501279940907917
ebook,2002,1,0.07270423914384311
ebook,2003,0,0.17280054823180374
ebook,2004,0,0.19803551978690226
ebook,2005,1,0.11400643868889632
ebook,2006,0,-0.05607982733907643
ebook,2007,0,-0.2337882953489392
ebook,2008,0,-0.31645369014727986
ebook,2009,1,-0.2241244229540122
ebook,2010,0,0.05888673347108193
ebook,2011,0,0.46792932217083394
ebook,2012,0,0.8765787463634688
ebook,2013,1,1.14334666011753
ebook,2014,3,1.1669899045441463
ebook,2015,3,0.9265945144997905
ebook,2016,7,0.48920384874519884
ebook,2017,6,-0.017820118297322107
ebook,2018,4,-0.4569846519544396
ebook,2019,3,-0.7312347965248334
ebook,2020,1,-0.813596405745016
ebook,2021,4,-0.745071661607218
ebook,2022,4,-0.6818715783342617
cognitive health,2020,1,0.0
cognitive health,2021,0,0.0
cognitive health,2022,1,0.0
dtw,2019,2,0.0
dtw,2020,0,0.0
dtw,2021,1,0.0
dtw,2022,1,0.0
ner task,2019,1,0.0
ner task,2020,0,0.0
ner task,2021,0,0.0
ner task,2022,4,0.0
span classification,2020,1,0.0
span classification,2021,0,0.0
span classification,2022,1,0.0
devil,2021,2,0.0
devil,2022,2,0.0
dsl,2005,1,0.4981028733623367
dsl,2006,1,0.30125658228038543
dsl,2007,1,-0.11467654291532847
dsl,2008,2,-0.47086955001587133
dsl,2009,1,-0.5977094712857574
dsl,2010,0,-0.43398910568791005
dsl,2011,0,-0.05577057740343459
dsl,2012,0,0.3591393081693621
dsl,2013,0,0.6144874558756881
dsl,2014,1,0.5876582414167422
dsl,2015,2,0.287424898759274
dsl,2016,3,-0.1496995950370955
dsl,2017,1,-0.5228596737672095
dsl,2018,0,-0.6603958904497477
dsl,2019,0,-0.49981091296035973
dsl,2020,0,-0.1167886914008707
dsl,2021,0,0.3102845725264834
dsl,2022,1,0.5082197724710596
detail,1980,1,-0.43420157303492213
detail,1981,0,-0.41644697167501193
detail,1982,0,-0.3475854433282027
detail,1983,0,-0.22873339063551726
detail,1984,0,-0.09560915196773133
detail,1985,0,0.01709135080016916
detail,1986,0,0.08546173765203748
detail,1987,0,0.10208287683697223
detail,1988,0,0.07615759598856016
detail,1989,0,0.02843658816446934
detail,1990,0,-0.01705217952742285
detail,1991,0,-0.04152583755725939
detail,1992,0,-0.03735393728066008
detail,1993,0,-0.009515492520367364
detail,1994,0,0.027617350417847648
detail,1995,0,0.05675946966995565
detail,1996,0,0.06495045938317975
detail,1997,1,0.04884805515394451
detail,1998,0,0.016134127266913476
detail,1999,0,-0.017471864135222684
detail,2000,0,-0.03448625984898193
detail,2001,0,-0.022896999253301478
detail,2002,0,0.018359704070417676
detail,2003,0,0.0778317734134841
detail,2004,0,0.13468983764253156
detail,2005,2,0.16569472453605288
detail,2006,1,0.15369868698772607
detail,2007,0,0.09472312970442193
detail,2008,0,0.0009994734385092574
detail,2009,1,-0.10137883519794177
detail,2010,0,-0.17976873719138273
detail,2011,0,-0.20512457746490692
detail,2012,2,-0.16179149799548764
detail,2013,0,-0.05371840274748386
detail,2014,0,0.09511310274660598
detail,2015,0,0.24647073580896434
detail,2016,1,0.3583235546809593
detail,2017,0,0.3968985222782768
detail,2018,0,0.3466951711670017
detail,2019,3,0.21537505717709593
detail,2020,3,0.03198322820706845
detail,2021,1,-0.16100556017121914
detail,2022,2,-0.2540833676129062
breadth,1997,1,-0.22038621372006062
breadth,1998,0,-0.23313107181894333
breadth,1999,0,-0.21745145567640914
breadth,2000,0,-0.13789710871425678
breadth,2001,0,-0.038430162153084715
breadth,2002,0,0.03556001292092834
breadth,2003,0,0.05883994964599133
breadth,2004,0,0.03626523394873096
breadth,2005,0,-0.0032997052425257287
breadth,2006,0,-0.025192654105285456
breadth,2007,0,-0.009308262843639935
breadth,2008,0,0.03828385195366062
breadth,2009,0,0.08861253498288826
breadth,2010,0,0.10623468488239442
breadth,2011,1,0.07009074624660314
breadth,2012,0,-0.012438672082579066
breadth,2013,0,-0.10617776343816773
breadth,2014,0,-0.16391484260372935
breadth,2015,0,-0.14982034821400064
breadth,2016,0,-0.0588399496459913
breadth,2017,0,0.07799510134434137
breadth,2018,0,0.20564470999933976
breadth,2019,0,0.26926752625770994
breadth,2020,0,0.2391983906026281
breadth,2021,1,0.12475647361867959
breadth,2022,1,0.05021788466291699
19th-century,2014,1,-0.281343209581995
19th-century,2015,0,-0.28134320958199505
19th-century,2016,0,-0.21552140230954536
19th-century,2017,0,-0.04885473564287871
19th-century,2018,0,0.14067160479099752
19th-century,2019,0,0.26437613795242404
19th-century,2020,1,0.2643761379524241
19th-century,2021,0,0.14067160479099755
19th-century,2022,1,0.05199012375133816
legal,1985,2,-7.557555747792897
legal,1986,0,-7.322138660894811
legal,1987,0,-6.00560493448665
legal,1988,0,-3.4340898822070036
legal,1989,1,-0.581148208882381
legal,1990,0,1.581934805065809
legal,1991,0,2.4435506285432247
legal,1992,1,1.9507467991047456
legal,1993,0,0.5783226554958465
legal,1994,0,-0.9085171242762715
legal,1995,0,-1.7917424959298733
legal,1996,0,-1.6952963177688323
legal,1997,0,-0.7174491213887157
legal,1998,0,0.6465394533412757
legal,1999,0,1.7486533825628432
legal,2000,1,2.087045695744404
legal,2001,1,1.5276353727956802
legal,2002,2,0.3535926891325807
legal,2003,2,-0.8746870771737769
legal,2004,6,-1.5828619449560943
legal,2005,0,-1.4492112439675466
legal,2006,2,-0.5538694261507461
legal,2007,0,0.6574271358219903
legal,2008,3,1.5805220541242058
legal,2009,1,1.739473770000763
legal,2010,0,1.0237366419779612
legal,2011,2,-0.23413215328939585
legal,2012,10,-1.3824491045901663
legal,2013,0,-1.7301836195214133
legal,2014,3,-0.8661084415680391
legal,2015,2,1.1212364992243202
legal,2016,5,3.624365600138316
legal,2017,5,5.718390579300923
legal,2018,9,6.51050624522146
legal,2019,17,5.499799988210475
legal,2020,26,2.800636287097049
legal,2021,26,-0.8656525933810517
legal,2022,50,-2.8167893569940645
bela,2010,1,0.16990852044960505
bela,2011,0,0.18799025036030265
bela,2012,0,0.20054940655994408
bela,2013,0,0.16716511059905315
bela,2014,1,0.09548530235788955
bela,2015,1,0.0019309620691707607
bela,2016,3,-0.0920657383589793
bela,2017,0,-0.16497128764151103
bela,2018,0,-0.20008390304491044
bela,2019,0,-0.18935970753314613
bela,2020,0,-0.13525548505739707
bela,2021,0,-0.05016586096029374
bela,2022,1,-0.0019887515755473706
institution,2000,2,-0.18864914170999103
institution,2001,0,-0.17946094143639243
institution,2002,0,-0.1456532722744123
institution,2003,0,-0.08874140430927978
institution,2004,1,-0.025738332379101392
institution,2005,0,0.026033959931736225
institution,2006,0,0.05391218771195966
institution,2007,1,0.05340002402640967
institution,2008,0,0.02920872276178829
institution,2009,0,-0.006452968103341616
institution,2010,1,-0.03781659786299879
institution,2011,0,-0.05054456593419823
institution,2012,0,-0.03629075980724633
institution,2013,1,0.004525236845877412
institution,2014,0,0.06256363123159112
institution,2015,0,0.12209511188180652
institution,2016,1,0.1654938982697108
institution,2017,0,0.17839137920503823
institution,2018,2,0.15398819148640108
institution,2019,0,0.09525969884209495
institution,2020,2,0.014395977085895795
institution,2021,0,-0.07038335646679683
institution,2022,1,-0.11123380177127662
australia,2007,1,0.0882044031069057
australia,2008,0,0.08045193903749959
australia,2009,0,0.05941309287793212
australia,2010,1,0.029329141908727596
australia,2011,1,-0.005219905046747297
australia,2012,1,-0.03897426877741195
australia,2013,2,-0.06679515338934183
australia,2014,1,-0.08444708139731771
australia,2015,1,-0.08924270677725116
australia,2016,0,-0.08045193903749959
australia,2017,1,-0.05941309287793212
australia,2018,0,-0.029329141908727596
australia,2019,0,0.005219905046747242
australia,2020,1,0.03897426877741195
australia,2021,0,0.06679515338934189
australia,2022,3,0.0786131523470388
usable information,2003,1,-0.10161831615397965
usable information,2004,0,-0.134477843215283
usable information,2005,0,-0.1714904883279186
usable information,2006,0,-0.1517267180498629
usable information,2007,0,-0.08732537445039644
usable information,2008,0,-0.007153105286107311
usable information,2009,0,0.05555427026166471
usable information,2010,0,0.07714569782055967
usable information,2011,0,0.05322623088305054
usable information,2012,0,6.938893903907228e-18
usable information,2013,0,-0.053226230883050535
usable information,2014,0,-0.07714569782055969
usable information,2015,0,-0.055554270261664714
usable information,2016,0,0.007153105286107332
usable information,2017,0,0.08732537445039643
usable information,2018,0,0.15172671804986287
usable information,2019,0,0.1714904883279186
usable information,2020,0,0.13447784321528305
usable information,2021,1,0.10161831615397976
rdrop,2021,1,0.0
rdrop,2022,1,0.0
instance encoding,2021,1,0.0
instance encoding,2022,1,0.0
sign recognition,2018,1,0.0
sign recognition,2019,0,0.0
sign recognition,2020,0,0.0
sign recognition,2021,0,0.0
sign recognition,2022,2,0.0
friction,2003,1,-0.10161831615397965
friction,2004,0,-0.134477843215283
friction,2005,0,-0.1714904883279186
friction,2006,0,-0.1517267180498629
friction,2007,0,-0.08732537445039644
friction,2008,0,-0.007153105286107311
friction,2009,0,0.05555427026166471
friction,2010,0,0.07714569782055967
friction,2011,0,0.05322623088305054
friction,2012,0,6.938893903907228e-18
friction,2013,0,-0.053226230883050535
friction,2014,0,-0.07714569782055969
friction,2015,0,-0.055554270261664714
friction,2016,0,0.007153105286107332
friction,2017,0,0.08732537445039643
friction,2018,0,0.15172671804986287
friction,2019,0,0.1714904883279186
friction,2020,0,0.13447784321528305
friction,2021,1,0.10161831615397976
regen,2003,1,-1.0969786126156487
regen,2004,0,-0.9953889985127314
regen,2005,0,-0.6709827624296074
regen,2006,0,-0.1902469184331741
regen,2007,0,0.26610398332859814
regen,2008,0,0.536169815982906
regen,2009,0,0.537490404528288
regen,2010,2,0.29651666146660793
regen,2011,0,-0.064131338487382
regen,2012,0,-0.3754940800617932
regen,2013,0,-0.4898638876948751
regen,2014,2,-0.3400211981122373
regen,2015,0,0.032786161304597036
regen,2016,0,0.4930333229332162
regen,2017,0,0.8620113116088547
regen,2018,0,0.9863726699544628
regen,2019,2,0.7979197920966805
regen,2020,5,0.34167993965840227
regen,2021,6,-0.23865506601266007
regen,2022,1,-0.5368638458819799
codec,2019,1,0.0
codec,2020,0,0.0
codec,2021,0,0.0
codec,2022,2,0.0
tcu,2006,1,-0.9698339966246827
tcu,2007,0,-0.9045260645978619
tcu,2008,0,-0.6347917808394775
tcu,2009,0,-0.19842822105438962
tcu,2010,0,0.1784434643254772
tcu,2011,1,0.32277904132375623
tcu,2012,0,0.20173961270428362
tcu,2013,0,-0.06590715340474537
tcu,2014,0,-0.27928899358351855
tcu,2015,0,-0.26854151773530993
tcu,2016,0,0.008627172376616477
tcu,2017,1,0.43839145096500454
tcu,2018,0,0.806056450548924
tcu,2019,2,0.9068237718281478
tcu,2020,0,0.6544326278292477
tcu,2021,4,0.1307326816459815
tcu,2022,5,-0.17795513215725656
tldr,2021,1,0.0
tldr,2022,1,0.0
hyu,2019,1,0.0
hyu,2020,0,0.0
hyu,2021,0,0.0
hyu,2022,1,0.0
paic,2002,1,-0.07699240012548664
paic,2003,0,-0.10425061492939648
paic,2004,0,-0.14000635039740655
paic,2005,0,-0.13687429746128307
paic,2006,0,-0.0986118359493536
paic,2007,0,-0.040079915321742765
paic,2008,0,0.01806041696447789
paic,2009,0,0.056556617027221236
paic,2010,0,0.06417069960765376
paic,2011,0,0.04139451444805298
paic,2012,0,1.3877787807814457e-17
paic,2013,0,-0.04139451444805296
paic,2014,0,-0.06417069960765376
paic,2015,0,-0.05655661702722123
paic,2016,0,-0.01806041696447789
paic,2017,0,0.04007991532174275
paic,2018,0,0.09861183594935359
paic,2019,0,0.13687429746128307
paic,2020,0,0.14000635039740655
paic,2021,0,0.10425061492939647
paic,2022,1,0.07699240012548664
pickle,2018,1,0.0
pickle,2019,0,0.0
pickle,2020,0,0.0
pickle,2021,0,0.0
pickle,2022,1,0.0
xu,1969,1,-1.5130440526789934
xu,1970,0,-1.5013391827424425
xu,1971,0,-1.342403032277534
xu,1972,0,-0.9585325588288718
xu,1973,0,-0.4612789250948569
xu,1974,0,0.01797985381856948
xu,1975,0,0.36495180013222683
xu,1976,0,0.5126686259588265
xu,1977,0,0.45642274412796535
xu,1978,0,0.24967926490093384
xu,1979,0,-0.016853699062867322
xu,1980,0,-0.24576480823452918
xu,1981,0,-0.3632262960297693
xu,1982,0,-0.33970829359394983
xu,1983,0,-0.19525137239476173
xu,1984,0,0.011403773488781771
xu,1985,0,0.20535198990739517
xu,1986,0,0.3217229003300239
xu,1987,0,0.3267556435614476
xu,1988,0,0.22707584883607546
xu,1989,0,0.06472755595381668
xu,1990,0,-0.09961299214909386
xu,1991,0,-0.2089316140956966
xu,1992,2,-0.2297458100916516
xu,1993,0,-0.16273950866817866
xu,1994,0,-0.040772278130113394
xu,1995,0,0.08462621318102788
xu,1996,0,0.16314462939487434
xu,1997,0,0.16466580855088553
xu,1998,0,0.09045509130835115
xu,1999,0,-0.027475061833778486
xu,2000,0,-0.13860147592248678
xu,2001,0,-0.19331324574067
xu,2002,1,-0.16245016867822248
xu,2003,0,-0.04970938990796514
xu,2004,0,0.107926937024341
xu,2005,0,0.2524089336286666
xu,2006,1,0.3256083921140685
xu,2007,0,0.2918853339241094
xu,2008,0,0.15412104785746117
xu,2009,0,-0.043009627593809496
xu,2010,1,-0.22462499605233466
xu,2011,1,-0.30913884003554387
xu,2012,1,-0.23646157282077762
xu,2013,2,0.008350232765198265
xu,2014,0,0.38427406025320116
xu,2015,0,0.8008428323042802
xu,2016,1,1.1410998593257857
xu,2017,2,1.294725860984052
xu,2018,4,1.1915299363007992
xu,2019,5,0.8249555704608489
xu,2020,6,0.2579729437609366
xu,2021,10,-0.3910773750073653
xu,2022,8,-0.7186170440578588
image-based,2007,1,-0.28267038610068096
image-based,2008,0,-0.20786843157204746
image-based,2009,0,-0.056071848685978684
image-based,2010,0,0.06129175373272605
image-based,2011,0,0.09268350103766032
image-based,2012,0,0.04454806096250044
image-based,2013,1,-0.026242234786659685
image-based,2014,0,-0.050067977038771416
image-based,2015,0,0.010369417565021896
image-based,2016,0,0.13464512686868438
image-based,2017,0,0.2542951533893419
image-based,2018,2,0.29226163686054774
image-based,2019,0,0.20909319425897654
image-based,2020,2,0.02867524374086272
image-based,2021,0,-0.17198106991670348
image-based,2022,1,-0.26534898748636815
maturity,2009,1,-0.014147304585368725
maturity,2010,0,-0.04846056671043608
maturity,2011,1,-0.10888990498293946
maturity,2012,0,-0.14775226212652584
maturity,2013,0,-0.15735047169337552
maturity,2014,0,-0.1357834905644585
maturity,2015,0,-0.08732292385402245
maturity,2016,0,-0.021566981128917008
maturity,2017,0,0.04846056671043604
maturity,2018,0,0.10888990498293946
maturity,2019,0,0.14775226212652587
maturity,2020,0,0.15735047169337552
maturity,2021,0,0.1357834905644585
maturity,2022,1,0.11736458086484214
sentiment analysis data,2018,1,0.0
sentiment analysis data,2019,0,0.0
sentiment analysis data,2020,3,0.0
sentiment analysis data,2021,1,0.0
sentiment analysis data,2022,1,0.0
version control,2010,1,-0.06645157742597607
version control,2011,0,-0.09206573835897935
version control,2012,0,-0.12981453685935215
version control,2013,0,-0.13782438940000885
version control,2014,0,-0.11426033529307236
version control,2015,0,-0.06452061535680517
version control,2016,0,0.0
version control,2017,0,0.06452061535680519
version control,2018,0,0.11426033529307236
version control,2019,0,0.13782438940000888
version control,2020,0,0.12981453685935215
version control,2021,0,0.09206573835897933
version control,2022,1,0.06645157742597607
lama,2016,1,0.0
lama,2017,0,0.0
lama,2018,1,0.0
lama,2019,0,0.0
lama,2020,0,0.0
lama,2021,2,0.0
lama,2022,1,0.0
current models,2016,1,0.0
current models,2017,1,0.0
current models,2018,1,0.0
current models,2019,2,0.0
current models,2020,1,0.0
current models,2021,0,0.0
current models,2022,2,0.0
astbert,2020,1,0.0
astbert,2021,0,0.0
astbert,2022,1,0.0
model size,2022,2,0.0
model size,2023,1,0.0
character components,2017,2,0.0
character components,2018,0,0.0
character components,2019,0,0.0
character components,2020,0,0.0
character components,2021,0,0.0
character components,2022,1,0.0
agriculture,2014,1,-0.25
agriculture,2015,0,-0.30177669529663687
agriculture,2016,0,-0.30177669529663687
agriculture,2017,0,-0.12499999999999999
agriculture,2018,0,0.125
agriculture,2019,0,0.30177669529663687
agriculture,2020,0,0.30177669529663687
agriculture,2021,1,0.25
racial,2019,2,0.0
racial,2020,1,0.0
racial,2021,1,0.0
racial,2022,2,0.0
constructed language,2018,1,0.0
constructed language,2019,0,0.0
constructed language,2020,0,0.0
constructed language,2021,0,0.0
constructed language,2022,1,0.0
sbu,1993,1,-0.07388712944157294
sbu,1994,0,-0.1
sbu,1995,0,-0.1342600322678852
sbu,1996,0,-0.13150416346783655
sbu,1997,0,-0.09578730458220505
sbu,1998,0,-0.04157460916441016
sbu,1999,0,0.011757393096911185
sbu,2000,0,0.04696590207381959
sbu,2001,0,0.05490927356975546
sbu,2002,0,0.037267799624996496
sbu,2003,0,0.005113063783277701
sbu,2004,0,-0.025992425867739276
sbu,2005,0,-0.04238086340827419
sbu,2006,0,-0.03764014287274697
sbu,2007,0,-0.014885605144710311
sbu,2008,0,0.014885605144710322
sbu,2009,0,0.03764014287274695
sbu,2010,0,0.04238086340827418
sbu,2011,0,0.025992425867739283
sbu,2012,0,-0.00511306378327769
sbu,2013,0,-0.03726779962499652
sbu,2014,0,-0.05490927356975546
sbu,2015,0,-0.04696590207381957
sbu,2016,0,-0.011757393096911213
sbu,2017,0,0.04157460916441015
sbu,2018,0,0.09578730458220508
sbu,2019,0,0.13150416346783658
sbu,2020,0,0.1342600322678852
sbu,2021,0,0.09999999999999999
sbu,2022,1,0.07388712944157294
stress rules,1983,1,-0.07208915815393563
stress rules,1984,0,-0.09760952594990671
stress rules,1985,0,-0.1312161304951089
stress rules,1986,0,-0.12893995819915155
stress rules,1987,0,-0.09477231202934452
stress rules,1988,0,-0.04271201649054997
stress rules,1989,0,0.008648492692919285
stress rules,1990,0,0.04293251857301304
stress rules,1991,0,0.051603098202034986
stress rules,1992,0,0.03635108883104977
stress rules,1993,0,0.007503880446441714
stress rules,1994,0,-0.020730015045143622
stress rules,1995,0,-0.03617065438148255
stress rules,1996,0,-0.033351864017502744
stress rules,1997,0,-0.015186227454216225
stress rules,1998,0,0.008905474082198477
stress rules,1999,0,0.027466657630192473
stress rules,2000,0,0.03211507493830716
stress rules,2001,0,0.021123919706757845
stress rules,2002,0,1.0408340855860843e-17
stress rules,2003,0,-0.021123919706757845
stress rules,2004,0,-0.032115074938307175
stress rules,2005,0,-0.027466657630192466
stress rules,2006,0,-0.008905474082198462
stress rules,2007,0,0.01518622745421623
stress rules,2008,0,0.033351864017502716
stress rules,2009,0,0.03617065438148252
stress rules,2010,0,0.02073001504514364
stress rules,2011,0,-0.007503880446441704
stress rules,2012,0,-0.03635108883104978
stress rules,2013,0,-0.051603098202035
stress rules,2014,0,-0.042932518573013057
stress rules,2015,0,-0.008648492692919264
stress rules,2016,0,0.04271201649054998
stress rules,2017,0,0.09477231202934451
stress rules,2018,0,0.12893995819915155
stress rules,2019,0,0.13121613049510888
stress rules,2020,0,0.09760952594990671
stress rules,2021,1,0.07208915815393568
ilab,1992,1,-0.8448372479010806
ilab,1993,0,-0.8458461064851732
ilab,1994,0,-0.7628805653351984
ilab,1995,0,-0.5348159172283764
ilab,1996,0,-0.22824820609955718
ilab,1997,0,0.06997644101497522
ilab,1998,0,0.280613886434073
ilab,1999,1,0.3568110592778514
ilab,2000,0,0.2974967711136917
ilab,2001,0,0.14507512404100065
ilab,2002,0,-0.031379528160726866
ilab,2003,0,-0.161216487238882
ilab,2004,0,-0.19662425628679436
ilab,2005,2,-0.1278494092086085
ilab,2006,1,0.01583849350163355
ilab,2007,0,0.17928740221512868
ilab,2008,0,0.3034911632528321
ilab,2009,0,0.34817498661481905
ilab,2010,1,0.3065534565574879
ilab,2011,1,0.20687745437123428
ilab,2012,2,0.10033396967003105
ilab,2013,2,0.03994850223977964
ilab,2014,2,0.05850841551933472
ilab,2015,3,0.15394566755092765
ilab,2016,2,0.2879263277497147
ilab,2017,1,0.39855894594120767
ilab,2018,1,0.4229033073429589
ilab,2019,4,0.3212373395967898
ilab,2020,2,0.09419156588098665
ilab,2021,7,-0.2137732477203116
ilab,2022,4,-0.37982884441512965
resilience,2019,1,0.0
resilience,2020,0,0.0
resilience,2021,0,0.0
resilience,2022,2,0.0
kiqa,2015,1,-0.25
kiqa,2016,0,-0.30177669529663687
kiqa,2017,0,-0.30177669529663687
kiqa,2018,0,-0.12499999999999999
kiqa,2019,0,0.125
kiqa,2020,0,0.30177669529663687
kiqa,2021,0,0.30177669529663687
kiqa,2022,1,0.25
syntact,1957,1,-12.418677262402802
syntact,1958,0,-10.142747568602546
syntact,1959,0,-5.320666689200737
syntact,1960,3,-0.7036113819519705
syntact,1961,3,2.4551789488003513
syntact,1962,1,3.5351182642651806
syntact,1963,7,2.7042534429241716
syntact,1964,0,0.7688765294448432
syntact,1965,3,-1.2042089479652591
syntact,1966,0,-2.3286259011685417
syntact,1967,3,-2.2234624183034564
syntact,1968,0,-1.101620154003008
syntact,1969,5,0.39487442947263635
syntact,1970,0,1.5235627157196374
syntact,1971,2,1.782740339195226
syntact,1972,0,1.1182261619400307
syntact,1973,4,-0.08453923317616874
syntact,1974,1,-1.2057302084610462
syntact,1975,2,-1.6910201242486165
syntact,1976,1,-1.3066849981851587
syntact,1977,1,-0.2365285657195369
syntact,1978,2,1.0175244635022116
syntact,1979,1,1.8795227065133848
syntact,1980,3,1.9724364907296508
syntact,1981,0,1.2935086045512214
syntact,1982,7,0.2122162381011199
syntact,1983,5,-0.7068013313421333
syntact,1984,8,-0.9731869222869094
syntact,1985,3,-0.40769884815103596
syntact,1986,4,0.7639507645335926
syntact,1987,4,2.005745065219101
syntact,1988,11,2.7139805228821428
syntact,1989,4,2.4989344456455767
syntact,1990,16,1.3769075472199273
syntact,1991,13,-0.21768451678834122
syntact,1992,14,-1.610548718475
syntact,1993,9,-2.1802674163207807
syntact,1994,9,-1.6359849667469661
syntact,1995,3,-0.153906378535154
syntact,1996,10,1.6931430708033557
syntact,1997,8,3.1872910659520937
syntact,1998,20,3.789964322400121
syntact,1999,10,3.3942292715456546
syntact,2000,36,2.3876398672188905
syntact,2001,10,1.4889035400743733
syntact,2002,18,1.4218273135646928
syntact,2003,22,2.565811604609456
syntact,2004,47,4.739295613204181
syntact,2005,28,7.221345900803927
syntact,2006,53,9.016891180843036
syntact,2007,40,9.264564287041246
syntact,2008,60,7.618682505888259
syntact,2009,68,4.439179355139068
syntact,2010,82,0.6969447357982475
syntact,2011,53,-2.38176658462676
syntact,2012,76,-3.7972288438619337
syntact,2013,65,-3.1910613673518107
syntact,2014,61,-1.0203540930414121
syntact,2015,56,1.5901485134304139
syntact,2016,66,3.2704384095423755
syntact,2017,59,2.942127264217813
syntact,2018,67,0.25947932318693034
syntact,2019,59,-4.221969331841791
syntact,2020,69,-9.220532764469642
syntact,2021,72,-13.183747178025758
syntact,2022,28,-14.713116594394634
thumbnail,2019,1,0.0
thumbnail,2020,0,0.0
thumbnail,2021,0,0.0
thumbnail,2022,1,0.0
narc,1988,1,-0.1612465595843981
narc,1989,0,-0.19813967286026563
narc,1990,0,-0.2322188094979729
narc,1991,0,-0.19072872277399805
narc,1992,0,-0.09603259558717905
narc,1993,0,0.009007806251231848
narc,1994,0,0.08103782237267589
narc,1995,0,0.09554666065570516
narc,1996,0,0.056509320941171746
narc,1997,0,-0.007824435795170795
narc,1998,0,-0.060389550597361764
narc,1999,0,-0.07406716306685039
narc,2000,0,-0.04445829047150381
narc,2001,0,0.009381343425325928
narc,2002,0,0.056151270993547664
narc,2003,0,0.06940252028652305
narc,2004,0,0.041636946110188144
narc,2005,0,-0.011791624802328336
narc,2006,0,-0.060879176509710066
narc,2007,0,-0.07696209395254174
narc,2008,0,-0.04818223442734609
narc,2009,0,0.013650838634516216
narc,2010,0,0.07851642866107861
narc,2011,0,0.1133778121407771
narc,2012,0,0.099478685321337
narc,2013,0,0.042858602289547854
narc,2014,0,-0.027549984042615258
narc,2015,1,-0.07371469741917035
narc,2016,0,-0.0676231394389957
narc,2017,0,-0.006288597028507786
narc,2018,0,0.08502848704217837
narc,2019,0,0.1634312128523511
narc,2020,0,0.1881203328741917
narc,2021,1,0.13996256221542902
narc,2022,1,0.09716023420217768
chapters,2014,1,-0.281343209581995
chapters,2015,0,-0.28134320958199505
chapters,2016,0,-0.21552140230954536
chapters,2017,0,-0.04885473564287871
chapters,2018,0,0.14067160479099752
chapters,2019,0,0.26437613795242404
chapters,2020,1,0.2643761379524241
chapters,2021,0,0.14067160479099755
chapters,2022,1,0.05199012375133816
semantic word,2011,2,-0.026196033209495928
semantic word,2012,0,0.003792292371471384
semantic word,2013,1,0.05840638977467705
semantic word,2014,1,0.09447687110425262
semantic word,2015,2,0.10055161339990004
semantic word,2016,0,0.07470192890482974
semantic word,2017,5,0.02513490980108335
semantic word,2018,0,-0.03241226556972088
semantic word,2019,0,-0.07966877563626351
semantic word,2020,1,-0.10163101235096206
semantic word,2021,3,-0.1047966125495563
ad text,2014,1,-0.18363373829623764
ad text,2015,0,-0.23248847393911637
ad text,2016,0,-0.26437613795242404
ad text,2017,0,-0.17255926880430517
ad text,2018,0,0.0
ad text,2019,0,0.17255926880430517
ad text,2020,0,0.264376137952424
ad text,2021,0,0.23248847393911637
ad text,2022,1,0.18363373829623775
cova,1997,1,-0.551445392461174
cova,1998,0,-0.5807198584918565
cova,1999,0,-0.530775900158345
cova,2000,0,-0.3033452493797134
cova,2001,0,-0.00555218246373293
cova,2002,0,0.23178529989493446
cova,2003,0,0.31607353428898494
cova,2004,1,0.2342323816061906
cova,2005,0,0.05374882233618278
cova,2006,0,-0.11583834053282563
cova,2007,1,-0.18068800529132464
cova,2008,0,-0.11008131152889239
cova,2009,0,0.05028306878245695
cova,2010,1,0.2052163115003641
cova,2011,1,0.2626490598878327
cova,2012,0,0.1842962502764416
cova,2013,0,0.007831060475445517
cova,2014,1,-0.1712978061169737
cova,2015,2,-0.2494568870416427
cova,2016,0,-0.17051837235209555
cova,2017,0,0.04120459594441278
cova,2018,1,0.28847067864670706
cova,2019,0,0.44644200146489077
cova,2020,0,0.42393851165905067
cova,2021,3,0.2102529038098221
cova,2022,3,0.06030176124613007
contrastive loss,2021,1,0.0
contrastive loss,2022,2,0.0
grada,1998,1,-0.3312666988319294
grada,1999,0,-0.3250712251905868
grada,2000,1,-0.282098841065622
grada,2001,0,-0.18847633239142045
grada,2002,0,-0.06954824401508602
grada,2003,0,0.04442029038760757
grada,2004,0,0.12578376422773752
grada,2005,1,0.1563209447321563
grada,2006,1,0.13162273844264874
grada,2007,0,0.06198530516894424
grada,2008,0,-0.030400105813372436
grada,2009,2,-0.11724887310779317
grada,2010,0,-0.17152140897935855
grada,2011,0,-0.17446139316467726
grada,2012,0,-0.12057074067645217
grada,2013,0,-0.019269519736074034
grada,2014,0,0.10718865703315317
grada,2015,0,0.229045507687285
grada,2016,1,0.31630401187855905
grada,2017,1,0.3461399272661869
grada,2018,2,0.308625968501811
grada,2019,1,0.20934767703748924
grada,2020,0,0.06825379762553929
grada,2021,1,-0.08498902476511017
grada,2022,4,-0.16052592763917106
r3,2018,1,0.0
r3,2019,0,0.0
r3,2020,2,0.0
r3,2021,0,0.0
r3,2022,1,0.0
multi-sense,2001,1,-0.13452959032322764
multi-sense,2002,0,-0.009715901579502646
multi-sense,2003,0,0.17520866474987803
multi-sense,2004,0,0.21965828030017157
multi-sense,2005,0,0.12866364242913714
multi-sense,2006,0,-0.044418986302017405
multi-sense,2007,0,-0.21683011305703304
multi-sense,2008,0,-0.30493532518837685
multi-sense,2009,0,-0.2531195343227404
multi-sense,2010,0,-0.053683789202632254
multi-sense,2011,0,0.2487538643134517
multi-sense,2012,0,0.5699092218288533
multi-sense,2013,0,0.8116406481275017
multi-sense,2014,0,0.8927986425455179
multi-sense,2015,3,0.775346813855367
multi-sense,2016,4,0.4774321515622044
multi-sense,2017,3,0.06917434800515099
multi-sense,2018,6,-0.3476146099557589
multi-sense,2019,1,-0.6695022711596146
multi-sense,2020,1,-0.821933883567012
multi-sense,2021,0,-0.780663586013357
multi-sense,2022,1,-0.7121762373506388
cross-top,2014,1,-0.5350230521217669
cross-top,2015,0,-0.3821880689762119
cross-top,2016,0,-0.022859673767209585
cross-top,2017,0,0.34716501685444484
cross-top,2018,1,0.5547473377805171
cross-top,2019,2,0.502757214029179
cross-top,2020,0,0.21552140230954542
cross-top,2021,3,-0.17255926880430528
cross-top,2022,1,-0.36944529431772577
inscription,1984,1,-0.2019182883970475
inscription,1985,0,-0.22003790719735936
inscription,1986,0,-0.2258707176899112
inscription,1987,0,-0.17847068806385838
inscription,1988,0,-0.09925032656275579
inscription,1989,0,-0.01688958016791775
inscription,1990,0,0.0430776472652413
inscription,1991,0,0.06666305169799595
inscription,1992,0,0.05486446878722159
inscription,1993,0,0.02124413440157688
inscription,1994,0,-0.014961413141324646
inscription,1995,0,-0.037160373065807425
inscription,1996,0,-0.037745314179014805
inscription,1997,0,-0.020052939773792185
inscription,1998,0,0.004525293523193079
inscription,1999,0,0.022710621678853064
inscription,2000,0,0.025900998539438412
inscription,2001,0,0.014192710765333433
inscription,2002,0,-0.0038862346932814363
inscription,2003,0,-0.01575341323118715
inscription,2004,0,-0.011249067321971028
inscription,2005,0,0.011761835685744904
inscription,2006,0,0.04531595976893076
inscription,2007,0,0.07397442894909145
inscription,2008,0,0.08127273220853176
inscription,2009,1,0.05739181740280137
inscription,2010,0,0.00475289585425695
inscription,2011,0,-0.06108282616344357
inscription,2012,0,-0.11601414838144014
inscription,2013,0,-0.13606438649926578
inscription,2014,0,-0.10691370345811778
inscription,2015,0,-0.030554431889943383
inscription,2016,0,0.07374573265335553
inscription,2017,0,0.17490228440698982
inscription,2018,0,0.24017358483939308
inscription,2019,0,0.24643925836921104
inscription,2020,1,0.18848142034356793
inscription,2021,0,0.0811791679292429
inscription,2022,2,0.01826420215495206
idiap,2019,1,0.0
idiap,2020,0,0.0
idiap,2021,0,0.0
idiap,2022,6,0.0
ideation detection,2016,1,0.0
ideation detection,2017,0,0.0
ideation detection,2018,0,0.0
ideation detection,2019,2,0.0
ideation detection,2020,1,0.0
ideation detection,2021,2,0.0
ideation detection,2022,1,0.0
tpt,2020,1,0.0
tpt,2021,1,0.0
air travel,1989,1,0.0057980282387384285
air travel,1990,2,-0.04040431446578413
air travel,1991,0,-0.12079508381422233
air travel,1992,0,-0.16975660305338158
air travel,1993,0,-0.17781101800942783
air travel,1994,1,-0.14655551326092323
air travel,1995,0,-0.08787803964637768
air travel,1996,0,-0.02027724509999996
air travel,1997,0,0.03660248280889966
air travel,1998,0,0.06760093833988236
air travel,1999,0,0.06619076201669691
air travel,2000,1,0.035959836942743933
air travel,2001,0,-0.01094936108486469
air travel,2002,0,-0.05790834020027326
air travel,2003,0,-0.08910157998153836
air travel,2004,0,-0.09442666321353602
air travel,2005,0,-0.07250822682752377
air travel,2006,0,-0.030928436491970034
air travel,2007,0,0.016365368944420533
air travel,2008,0,0.053649671864764284
air travel,2009,0,0.06857308462517515
air travel,2010,0,0.0562547879434332
air travel,2011,0,0.02104341399387613
air travel,2012,0,-0.02463882432915614
air travel,2013,0,-0.06404835762665839
air travel,2014,0,-0.08134818437415207
air travel,2015,0,-0.06672358380284978
air travel,2016,0,-0.01980884296919483
air travel,2017,0,0.0496625114367766
air travel,2018,0,0.12424836619793851
air travel,2019,0,0.1835823435949197
air travel,2020,0,0.21017761111561772
air travel,2021,0,0.19455273317694174
air travel,2022,1,0.1756364379552081
hft,2018,1,0.0
hft,2019,0,0.0
hft,2020,0,0.0
hft,2021,0,0.0
hft,2022,1,0.0
kenet,2021,1,0.0
kenet,2022,1,0.0
taboo,2021,1,0.0
taboo,2022,1,0.0
model embeddings,2021,2,0.0
model embeddings,2022,1,0.0
compass,2014,1,-0.9756732432908848
compass,2015,0,-0.9996218259207195
compass,2016,1,-0.8080490062410088
compass,2017,0,-0.23838107607675485
compass,2018,0,0.44282800889436785
compass,2019,0,0.9168329470186987
compass,2020,1,0.9618415597697731
compass,2021,2,0.5567938170263514
compass,2022,5,0.2536798425397717
sparks,2019,1,0.0
sparks,2020,0,0.0
sparks,2021,0,0.0
sparks,2022,1,0.0
writing environment,1999,1,-0.04450618114257765
writing environment,2000,0,-0.07328412687927172
writing environment,2001,0,-0.1190373023523265
writing environment,2002,0,-0.1369810375972842
writing environment,2003,0,-0.12284532233683443
writing environment,2004,0,-0.0806406565793939
writing environment,2005,0,-0.02156825375854341
writing environment,2006,0,0.03897398991272723
writing environment,2007,0,0.08548801099649886
writing environment,2008,0,0.10647892061524768
writing environment,2009,0,0.09746904859378312
writing environment,2010,0,0.06211957719464159
writing environment,2011,0,0.011164549684630098
writing environment,2012,1,-0.040551323436098186
writing environment,2013,0,-0.07813148129637665
writing environment,2014,0,-0.09068986303345553
writing environment,2015,0,-0.07432346131186876
writing environment,2016,0,-0.033194793735975975
writing environment,2017,0,0.021568253758543394
writing environment,2018,0,0.07486146040264265
writing environment,2019,0,0.11168077265220432
writing environment,2020,0,0.12119198001549204
writing environment,2021,0,0.09969973505492005
writing environment,2022,1,0.08125466446813917
answerability,2020,1,0.0
answerability,2021,0,0.0
answerability,2022,2,0.0
pepper,2016,1,0.0
pepper,2017,0,0.0
pepper,2018,0,0.0
pepper,2019,0,0.0
pepper,2020,0,0.0
pepper,2021,0,0.0
pepper,2022,1,0.0
engagement analysis,2018,1,0.0
engagement analysis,2019,0,0.0
engagement analysis,2020,0,0.0
engagement analysis,2021,1,0.0
imperfect,1993,1,-0.5627889747518661
imperfect,1994,0,-0.5347243870717922
imperfect,1995,0,-0.41683311713543264
imperfect,1996,0,-0.20729279912205356
imperfect,1997,0,0.022206837401295212
imperfect,1998,0,0.19822574252280628
imperfect,1999,0,0.27114883328507117
imperfect,2000,0,0.23126513607502033
imperfect,2001,0,0.10969810244882305
imperfect,2002,1,-0.03570339948080889
imperfect,2003,0,-0.14376325111341082
imperfect,2004,1,-0.17353235883736934
imperfect,2005,0,-0.11900418644088652
imperfect,2006,0,-0.009568751147910386
imperfect,2007,0,0.10361023138745305
imperfect,2008,0,0.16963709427902177
imperfect,2009,0,0.15945511050198527
imperfect,2010,1,0.07830361507289002
imperfect,2011,1,-0.0359621020826342
imperfect,2012,0,-0.12812615542843692
imperfect,2013,0,-0.14849506503871324
imperfect,2014,1,-0.07436704621576472
imperfect,2015,0,0.07854240188880351
imperfect,2016,0,0.25956664858244827
imperfect,2017,0,0.40057613346127263
imperfect,2018,2,0.4411541575731191
imperfect,2019,2,0.3520198483378696
imperfect,2020,0,0.14772615053960525
imperfect,2021,4,-0.11644109867867292
imperfect,2022,1,-0.25439891298776995
register variation,1997,1,-0.14983249818497346
register variation,1998,0,-0.16066909705350918
register variation,1999,0,-0.15742219399189536
register variation,2000,0,-0.11248206016158949
register variation,2001,0,-0.04779718617929525
register variation,2002,0,0.009719634540111849
register variation,2003,0,0.040139944152539866
register variation,2004,0,0.038400345776335255
register variation,2005,0,0.01464707853247622
register variation,2006,0,-0.012632686709766656
register variation,2007,0,-0.02685443541409369
register variation,2008,0,-0.021618155416254725
register variation,2009,0,-0.0029181499228032887
register variation,2010,0,0.015550836632569932
register variation,2011,0,0.021192825588105535
register variation,2012,0,0.010497574882162347
register variation,2013,0,-0.008232246988038566
register variation,2014,0,-0.019052616007352773
register variation,2015,0,-0.007390447710269005
register variation,2016,0,0.03083464306082103
register variation,2017,0,0.0849602192264612
register variation,2018,0,0.13283904547358416
register variation,2019,1,0.15045707610977554
register variation,2020,0,0.12344318356045789
register variation,2021,0,0.05484394412924276
register variation,2022,1,0.011759059724299248
run-time,2005,1,-0.1382947437217033
run-time,2006,0,-0.1339822826291265
run-time,2007,0,-0.10959818270186744
run-time,2008,0,-0.06775635972615944
run-time,2009,1,-0.03453842913262517
run-time,2010,0,-0.02558319198224457
run-time,2011,0,-0.03815310361072997
run-time,2012,0,-0.05356425732364867
run-time,2013,0,-0.04857627977481135
run-time,2014,0,-0.009575698883536607
run-time,2015,0,0.05812785631098112
run-time,2016,0,0.13104087441581935
run-time,2017,1,0.17814921517692994
run-time,2018,0,0.1761554503730414
run-time,2019,0,0.1214651755322827
run-time,2020,1,0.03268922281121123
run-time,2021,1,-0.01661024576790404
manifold mixup,2020,1,0.0
manifold mixup,2021,0,0.0
manifold mixup,2022,1,0.0
alien,1973,1,-2.286593277306726
alien,1974,0,-2.163217730725767
alien,1975,0,-1.7233033189213027
alien,1976,0,-1.0068955802872206
alien,1977,0,-0.24709905277876987
alien,1978,0,0.33699862344187337
alien,1979,0,0.6101898437432687
alien,1980,0,0.5576429102067061
alien,1981,0,0.27704349111821713
alien,1982,1,-0.06822279055344438
alien,1983,0,-0.3156053322091258
alien,1984,0,-0.3641225552654297
alien,1985,0,-0.20716928554799124
alien,1986,0,0.07322527356762513
alien,1987,0,0.34626335013613985
alien,1988,0,0.4891367252806556
alien,1989,0,0.43767889984183994
alien,1990,5,0.21118671868578615
alien,1991,0,-0.09750311415346458
alien,1992,0,-0.36162068225525446
alien,1993,0,-0.47305392634155236
alien,1994,0,-0.38642760343565463
alien,1995,0,-0.1369782450148404
alien,1996,0,0.17468411333310233
alien,1997,1,0.42442031230646454
alien,1998,3,0.5157993968490934
alien,1999,0,0.41976387127558595
alien,2000,0,0.1864418699445496
alien,2001,1,-0.07591444232642486
alien,2002,2,-0.24652046660839377
alien,2003,1,-0.24369996012634676
alien,2004,1,-0.06127886898217916
alien,2005,1,0.22582444886068376
alien,2006,4,0.49021792038481515
alien,2007,1,0.6044227050931618
alien,2008,2,0.49652106528828066
alien,2009,2,0.18636588256728737
alien,2010,3,-0.2135746536231551
alien,2011,2,-0.5353227694716625
alien,2012,2,-0.6181428629219343
alien,2013,1,-0.3739441400080168
alien,2014,4,0.16988048034673597
alien,2015,2,0.8680196028734717
alien,2016,3,1.498605660626563
alien,2017,2,1.8355181768054243
alien,2018,7,1.726791773389949
alien,2019,5,1.1511677806343128
alien,2020,9,0.2319099525360917
alien,2021,12,-0.7981405527915499
alien,2022,13,-1.3067422046238937
army,2008,1,-0.047029572387644936
army,2009,1,-0.08587464332107536
army,2010,0,-0.14315188047284416
army,2011,0,-0.1572772371517689
army,2012,1,-0.13333333333333336
army,2013,0,-0.09018145286048906
army,2014,0,-0.0474586900122579
army,2015,0,-0.014125356678924582
army,2016,0,0.014125356678924568
army,2017,0,0.047458690012257915
army,2018,0,0.09018145286048906
army,2019,1,0.13333333333333336
army,2020,0,0.15727723715176883
army,2021,0,0.14315188047284427
army,2022,1,0.12471971425450612
tropes,2019,1,0.0
tropes,2020,1,0.0
flin,1989,1,-0.8527685026895142
flin,1990,0,-0.8682459757326866
flin,1991,0,-0.8053835947797474
flin,1992,0,-0.5813998502335544
flin,1993,0,-0.26527531330810494
flin,1994,2,0.05437491928442144
flin,1995,0,0.29450084930196985
flin,1996,0,0.40037963612129207
flin,1997,0,0.3594209033807181
flin,1998,2,0.20223815983529764
flin,1999,1,-0.008965962684916784
flin,2000,0,-0.20089233105490495
flin,2001,0,-0.3121320782705594
flin,2002,0,-0.3116336068251926
flin,2003,1,-0.20712374052788146
flin,2004,1,-0.041098845634608784
flin,2005,0,0.12416150318320038
flin,2006,1,0.2277388887111855
flin,2007,0,0.23068134807637386
flin,2008,0,0.1295509858193131
flin,2009,0,-0.041425801273129226
flin,2010,0,-0.22042732531277615
flin,2011,0,-0.3373577123025203
flin,2012,1,-0.3365454024584047
flin,2013,0,-0.19580759953537455
flin,2014,1,0.0641391358338366
flin,2015,0,0.3831057516847691
flin,2016,0,0.6770398077571271
flin,2017,0,0.8614690349772869
flin,2018,0,0.875997096796518
flin,2019,0,0.7026338447188689
flin,2020,6,0.3724524490546224
flin,2021,9,-0.04157253341012157
flin,2022,3,-0.2582461881508227
syrian,2019,1,0.0
syrian,2020,1,0.0
receptive,1994,1,-0.26883979716994155
receptive,1995,0,-0.2774782854974781
receptive,1996,0,-0.2515948259055483
receptive,1997,0,-0.15733005491050006
receptive,1998,0,-0.038679146999341954
receptive,1999,0,0.05566463531128325
receptive,2000,0,0.0932428485953419
receptive,2001,0,0.07035842817545872
receptive,2002,0,0.010910132022842838
receptive,2003,0,-0.04730695128184848
receptive,2004,0,-0.07190482193466012
receptive,2005,0,-0.05146045904621768
receptive,2006,0,0.0
receptive,2007,0,0.05146045904621761
receptive,2008,0,0.07190482193466012
receptive,2009,0,0.04730695128184855
receptive,2010,0,-0.010910132022842873
receptive,2011,0,-0.07035842817545875
receptive,2012,0,-0.0932428485953419
receptive,2013,0,-0.055664635311283295
receptive,2014,0,0.038679146999341975
receptive,2015,0,0.15733005491050012
receptive,2016,0,0.2515948259055484
receptive,2017,0,0.27747828549747827
receptive,2018,1,0.21564320722335237
receptive,2019,1,0.08122330863838156
receptive,2020,1,1.1102230246251565e-16
layer ensemble,2021,1,0.0
layer ensemble,2022,1,0.0
outside computation,2020,1,0.0
outside computation,2021,1,0.0
reflex,1995,1,-0.5132303275234726
reflex,1996,0,-0.44638975514319357
reflex,1997,0,-0.2923738969923281
reflex,1998,2,-0.13254239662680412
reflex,1999,1,-0.022730248506244444
reflex,2000,0,0.015512218107599285
reflex,2001,1,-0.0016475160070349992
reflex,2002,0,-0.03415007131488518
reflex,2003,1,-0.041741960516774534
reflex,2004,0,-0.005985082288072541
reflex,2005,0,0.05987008528474641
reflex,2006,1,0.11775912344517081
reflex,2007,1,0.125131848356408
reflex,2008,2,0.05903359961564231
reflex,2009,0,-0.06776506258701537
reflex,2010,0,-0.2069496747544434
reflex,2011,0,-0.2922535477228193
reflex,2012,1,-0.2675804274949396
reflex,2013,0,-0.11363872252038053
reflex,2014,0,0.13888221112839208
reflex,2015,0,0.4162256352720423
reflex,2016,1,0.6267995996215097
reflex,2017,2,0.6950813904144115
reflex,2018,0,0.5906125270032196
reflex,2019,3,0.34025273883699714
reflex,2020,5,0.01860984758145423
reflex,2021,0,-0.279526277592399
reflex,2022,5,-0.41068483384555377
geval,2017,1,0.0
geval,2018,0,0.0
geval,2019,1,0.0
flesh,1999,1,-0.09693421624167986
flesh,2000,0,-0.10834105623231531
flesh,2001,0,-0.11785549213000984
flesh,2002,0,-0.10246853870145857
flesh,2003,0,-0.06884689510152434
flesh,2004,0,-0.028450341721519064
flesh,2005,0,0.006430843364254198
flesh,2006,0,0.026791676179391995
flesh,2007,0,0.02976494084782927
flesh,2008,0,0.01924365618065623
flesh,2009,0,0.004090441302918852
flesh,2010,0,-0.005405040429229055
flesh,2011,0,-0.0015483376771240863
flesh,2012,0,0.017695318503532155
flesh,2013,0,0.04769399790217528
flesh,2014,0,0.0785761153844861
flesh,2015,1,0.0986118359493536
flesh,2016,0,0.09837809739853974
flesh,2017,0,0.07425193553075338
flesh,2018,0,0.02999867939864312
flesh,2019,1,0.003784808185881894
gasc,2019,1,0.0
gasc,2020,1,0.0
leaves,2014,1,0.0
leaves,2015,0,0.0
leaves,2016,0,0.0
leaves,2017,0,0.0
leaves,2018,0,0.0
leaves,2019,1,0.0
suppression,2014,1,0.0
suppression,2015,0,0.0
suppression,2016,0,0.0
suppression,2017,0,0.0
suppression,2018,0,0.0
suppression,2019,2,0.0
representation methods,2015,1,0.0
representation methods,2016,0,0.0
representation methods,2017,0,0.0
representation methods,2018,0,0.0
representation methods,2019,2,0.0
representation methods,2020,1,0.0
ncuee,2019,1,0.0
ncuee,2020,0,0.0
ncuee,2021,1,0.0
ncuee,2022,2,0.0
category prediction,1990,1,-0.15485754777442168
category prediction,1991,0,-0.17217535929164562
category prediction,1992,0,-0.1811713343775172
category prediction,1993,0,-0.1438770641626468
category prediction,1994,0,-0.07656029444797235
category prediction,1995,0,-0.003924032721247334
category prediction,1996,0,0.04977866419962563
category prediction,1997,0,0.06913692806463402
category prediction,1998,0,0.05252238461286191
category prediction,1999,0,0.011899659690420932
category prediction,2000,0,-0.032303245181270916
category prediction,2001,0,-0.059295079951201174
category prediction,2002,0,-0.05596942407789996
category prediction,2003,0,-0.02192772000428216
category prediction,2004,0,0.030366524927023276
category prediction,2005,0,0.08034938997726215
category prediction,2006,0,0.10726919781125373
category prediction,2007,0,0.0983159193889476
category prediction,2008,0,0.05393177498926331
category prediction,2009,1,-0.011725590593374205
category prediction,2010,0,-0.07544125166831508
category prediction,2011,0,-0.1131256726312206
category prediction,2012,0,-0.10861477784402368
category prediction,2013,0,-0.059907699524878025
category prediction,2014,0,0.01946625507881373
category prediction,2015,0,0.10454933772688033
category prediction,2016,0,0.16718124333889758
category prediction,2017,0,0.18552352903216937
category prediction,2018,1,0.15156857774698096
category prediction,2019,0,0.07400214704606739
category prediction,2020,1,0.026446341650751437
pdf document analysis,2020,1,0.0
pdf document analysis,2021,1,0.0
domino,1999,1,-0.06757558674244846
domino,2000,0,-0.0923423665882096
domino,2001,0,-0.12655976716137024
domino,2002,0,-0.12844719535407628
domino,2003,0,-0.0996402782707998
domino,2004,0,-0.05070271375228833
domino,2005,0,0.0023424830937842506
domino,2006,0,0.04313952121759496
domino,2007,0,0.06015333447968775
domino,2008,0,0.05021702960293404
domino,2009,0,0.019356296355877038
domino,2010,0,-0.019356296355877038
domino,2011,0,-0.05021702960293404
domino,2012,0,-0.06015333447968777
domino,2013,0,-0.04313952121759497
domino,2014,0,-0.0023424830937842298
domino,2015,0,0.05070271375228833
domino,2016,0,0.09964027827079983
domino,2017,0,0.12844719535407628
domino,2018,0,0.12655976716137024
domino,2019,0,0.0923423665882096
domino,2020,1,0.0675755867424484
investors,2011,1,-0.288675134594813
investors,2012,0,-0.33034180126147955
investors,2013,0,-0.36383545031536985
investors,2014,0,-0.29983968427944296
investors,2015,0,-0.15550211698203648
investors,2016,0,0.030502116982036573
investors,2017,0,0.20833333333333326
investors,2018,0,0.3303418012614795
investors,2019,0,0.36383545031536985
investors,2020,1,0.2998396842794429
investors,2021,0,0.15550211698203653
investors,2022,3,0.06698729810778081
runner,2007,1,-0.05378717116303805
runner,2008,0,-0.0753541522919551
runner,2009,0,-0.10888990498293948
runner,2010,0,-0.12085867654500682
runner,2011,0,-0.10888990498293946
runner,2012,0,-0.07535415229195508
runner,2013,0,-0.026893585581519032
runner,2014,0,0.026893585581519046
runner,2015,0,0.07535415229195508
runner,2016,0,0.10888990498293949
runner,2017,0,0.12085867654500684
runner,2018,0,0.10888990498293943
runner,2019,0,0.07535415229195508
runner,2020,1,0.05378717116303805
vision-and-language bert,2020,1,0.0
vision-and-language bert,2021,1,0.0
natural gender phenomena,2020,1,0.0
natural gender phenomena,2021,1,0.0
incivility,2019,1,0.0
incivility,2020,1,0.0
incivility,2021,1,0.0
status quo,2004,1,-0.13749679097835749
status quo,2005,0,-0.17630000885551594
status quo,2006,0,-0.20884467318425257
status quo,2007,0,-0.1581744624766788
status quo,2008,0,-0.05603392537821872
status quo,2009,0,0.04316520350693419
status quo,2010,0,0.09089400600120087
status quo,2011,0,0.06939850975560727
status quo,2012,0,-2.0816681711721685e-17
status quo,2013,0,-0.06939850975560723
status quo,2014,0,-0.09089400600120087
status quo,2015,0,-0.04316520350693422
status quo,2016,0,0.056033925378218746
status quo,2017,0,0.1581744624766788
status quo,2018,0,0.2088446731842526
status quo,2019,0,0.17630000885551594
status quo,2020,1,0.13749679097835743
echr,2004,1,-0.13749679097835749
echr,2005,0,-0.17630000885551594
echr,2006,0,-0.20884467318425257
echr,2007,0,-0.1581744624766788
echr,2008,0,-0.05603392537821872
echr,2009,0,0.04316520350693419
echr,2010,0,0.09089400600120087
echr,2011,0,0.06939850975560727
echr,2012,0,-2.0816681711721685e-17
echr,2013,0,-0.06939850975560723
echr,2014,0,-0.09089400600120087
echr,2015,0,-0.04316520350693422
echr,2016,0,0.056033925378218746
echr,2017,0,0.1581744624766788
echr,2018,0,0.2088446731842526
echr,2019,0,0.17630000885551594
echr,2020,1,0.13749679097835743
cima,1999,1,-0.06757558674244846
cima,2000,0,-0.0923423665882096
cima,2001,0,-0.12655976716137024
cima,2002,0,-0.12844719535407628
cima,2003,0,-0.0996402782707998
cima,2004,0,-0.05070271375228833
cima,2005,0,0.0023424830937842506
cima,2006,0,0.04313952121759496
cima,2007,0,0.06015333447968775
cima,2008,0,0.05021702960293404
cima,2009,0,0.019356296355877038
cima,2010,0,-0.019356296355877038
cima,2011,0,-0.05021702960293404
cima,2012,0,-0.06015333447968777
cima,2013,0,-0.04313952121759497
cima,2014,0,-0.0023424830937842298
cima,2015,0,0.05070271375228833
cima,2016,0,0.09964027827079983
cima,2017,0,0.12844719535407628
cima,2018,0,0.12655976716137024
cima,2019,0,0.0923423665882096
cima,2020,1,0.0675755867424484
scar,2000,2,-0.42668382484329626
scar,2001,0,-0.29623909459463804
scar,2002,0,-0.022015599713542278
scar,2003,0,0.23711202177683788
scar,2004,2,0.40668740497895994
scar,2005,3,0.4398497820018462
scar,2006,1,0.3307916410381442
scar,2007,1,0.11616425352935145
scar,2008,3,-0.13595699911076642
scar,2009,2,-0.34630769034987685
scar,2010,0,-0.44794742335117016
scar,2011,2,-0.4061726071314685
scar,2012,2,-0.22899978412208188
scar,2013,0,0.0348609368616159
scar,2014,0,0.3099750933333932
scar,2015,1,0.5160442529673743
scar,2016,2,0.5913003273333697
scar,2017,1,0.5106212219208305
scar,2018,5,0.2930835192080359
scar,2019,3,-0.003264512513304174
scar,2020,2,-0.2979119670657069
scar,2021,1,-0.5108987101857965
scar,2022,3,-0.58778889164843
richness,2006,2,-0.09213106741667365
richness,2007,1,-0.13599508801176324
richness,2008,0,-0.20817349227852716
richness,2009,0,-0.24435680853352784
richness,2010,0,-0.23828861268116708
richness,2011,0,-0.1910181509121466
richness,2012,0,-0.11071891550499369
richness,2013,0,-0.011275373757257234
richness,2014,0,0.09011778254666386
richness,2015,0,0.17592875555391407
richness,2016,0,0.23132004846332346
richness,2017,0,0.24671400351675693
richness,2018,0,0.21944886603578442
richness,2019,1,0.15423902598686395
richness,2020,1,0.11319244194018607
rams dataset,2018,1,0.0
rams dataset,2019,0,0.0
rams dataset,2020,1,0.0
challenge-hml,2018,1,0.0
challenge-hml,2019,0,0.0
challenge-hml,2020,1,0.0
phicon,2020,1,0.0
phicon,2021,0,0.0
phicon,2022,1,0.0
question identification,2017,1,0.0
question identification,2018,0,0.0
question identification,2019,0,0.0
question identification,2020,1,0.0
imprint,2009,1,-0.08333333333333331
imprint,2010,0,-0.11383545031536985
imprint,2011,0,-0.15550211698203653
imprint,2012,0,-0.15550211698203656
imprint,2013,0,-0.11383545031536985
imprint,2014,0,-0.04166666666666667
imprint,2015,0,0.041666666666666644
imprint,2016,0,0.11383545031536987
imprint,2017,0,0.1555021169820365
imprint,2018,0,0.15550211698203653
imprint,2019,0,0.11383545031536989
imprint,2020,1,0.08333333333333331
capture,1994,1,-0.5365607303824408
capture,1995,0,-0.48849575614241053
capture,1996,0,-0.3396750129777288
capture,1997,0,-0.12278681745705229
capture,1998,0,0.08463300268183323
capture,1999,0,0.2145314235830854
capture,2000,0,0.23358454098849518
capture,2001,0,0.15393117564830336
capture,2002,1,0.025508162003648804
capture,2003,0,-0.08643032299422077
capture,2004,1,-0.12910229259145367
capture,2005,0,-0.08380189840447627
capture,2006,0,0.027449184643231844
capture,2007,0,0.15267788721512499
capture,2008,1,0.23338357063363008
capture,2009,0,0.230597926851701
capture,2010,2,0.14250746697415362
capture,2011,0,0.0061034045147257965
capture,2012,2,-0.11799925505899284
capture,2013,0,-0.1713695616359588
capture,2014,0,-0.12346167795948765
capture,2015,1,0.013638102768764482
capture,2016,2,0.18788690580145356
capture,2017,0,0.32674976868398403
capture,2018,1,0.365889225177398
capture,2019,0,0.27559911273764026
capture,2020,5,0.07422372926028797
capture,2021,0,-0.17709352960427327
capture,2022,2,-0.3053925372406232
tintin,2019,1,0.0
tintin,2020,0,0.0
tintin,2021,0,0.0
tintin,2022,1,0.0
fusion approach,2018,1,0.0
fusion approach,2019,1,0.0
morbo,2006,1,-0.05378717116303805
morbo,2007,0,-0.0753541522919551
morbo,2008,0,-0.10888990498293948
morbo,2009,0,-0.12085867654500682
morbo,2010,0,-0.10888990498293946
morbo,2011,0,-0.07535415229195508
morbo,2012,0,-0.026893585581519032
morbo,2013,0,0.026893585581519046
morbo,2014,0,0.07535415229195508
morbo,2015,0,0.10888990498293949
morbo,2016,0,0.12085867654500684
morbo,2017,0,0.10888990498293943
morbo,2018,0,0.07535415229195508
morbo,2019,1,0.05378717116303805
unh,2003,1,-0.34395025270851576
unh,2004,0,-0.3510073510670101
unh,2005,0,-0.3175121727209787
unh,2006,0,-0.20529518669585534
unh,2007,0,-0.057101976096010296
unh,2008,0,0.07473446070385568
unh,2009,0,0.1478649859791132
unh,2010,0,0.14531638480809245
unh,2011,0,0.0809016994374947
unh,2012,0,-0.007312709274587395
unh,2013,0,-0.0728649859791132
unh,2014,1,-0.07989434837048465
unh,2015,0,-0.017898023903989632
unh,2016,0,0.09349178782086587
unh,2017,0,0.21161047328348392
unh,2018,0,0.28706893817113377
unh,2019,1,0.28303671345838155
unh,2020,2,0.1900938118168759
unh,2021,0,0.03090169943749488
unh,2022,2,-0.0604650027425353
inria,2015,1,0.0
inria,2016,0,0.0
inria,2017,0,0.0
inria,2018,0,0.0
inria,2019,1,0.0
wut,2004,1,-0.03661165235168162
wut,2005,0,-0.05213058243497809
wut,2006,0,-0.07801893008329651
wut,2007,0,-0.09202960286979546
wut,2008,0,-0.09202960286979545
wut,2009,0,-0.07801893008329654
wut,2010,0,-0.05213058243497809
wut,2011,0,-0.01830582617584077
wut,2012,0,0.018305826175840784
wut,2013,0,0.052130582434978076
wut,2014,0,0.07801893008329652
wut,2015,0,0.09202960286979546
wut,2016,0,0.09202960286979546
wut,2017,0,0.07801893008329654
wut,2018,0,0.05213058243497809
wut,2019,1,0.03661165235168157
cic,2002,1,-0.6965476834107711
cic,2003,0,-0.7186215135154581
cic,2004,0,-0.6862243186981042
cic,2005,0,-0.5204441458320098
cic,2006,0,-0.27574337765618895
cic,2007,0,-0.024952776815026556
cic,2008,0,0.1649540828865408
cic,2009,0,0.2543423963692797
cic,2010,0,0.24234772430811025
cic,2011,0,0.16449300209733847
cic,2012,0,0.07755753578073271
cic,2013,0,0.03720389569750057
cic,2014,0,0.07637253106859807
cic,2015,2,0.19215339667444103
cic,2016,2,0.34584634501722494
cic,2017,2,0.4762737892073481
cic,2018,0,0.5217313166007654
cic,2019,1,0.44288661005127694
cic,2020,2,0.23853948195868857
cic,2021,4,-0.05141975425357148
cic,2022,6,-0.21038515975972638
scia,1969,1,-0.059822046275230634
scia,1970,0,-0.08199090372507681
scia,1971,0,-0.11321240492256687
scia,1972,0,-0.11678193714474636
scia,1973,0,-0.0941067985743479
scia,1974,0,-0.054014703071079036
scia,1975,0,-0.009636675495856298
scia,1976,0,0.02594407143768935
scia,1977,0,0.04378824423257183
scia,1978,0,0.04158809151982548
scia,1979,0,0.02379253520433708
scia,1980,0,-0.0005418170539020079
scia,1981,0,-0.021302745697227975
scia,1982,0,-0.030958430734822722
scia,1983,0,-0.02699373267730735
scia,1984,0,-0.012354306560834014
scia,1985,0,0.006138033321608817
scia,1986,0,0.020696639825145264
scia,1987,0,0.025652776199115816
scia,1988,0,0.019543705693190427
scia,1989,0,0.005462217962513142
scia,1990,0,-0.010390320163537683
scia,1991,0,-0.021318710541651766
scia,1992,0,-0.022858589826993507
scia,1993,0,-0.014538005050742271
scia,1994,0,3.469446951953614e-18
scia,1995,0,0.01453800505074226
scia,1996,0,0.02285858982699349
scia,1997,0,0.021318710541651777
scia,1998,0,0.010390320163537697
scia,1999,0,-0.005462217962513139
scia,2000,0,-0.019543705693190437
scia,2001,0,-0.02565277619911582
scia,2002,0,-0.020696639825145257
scia,2003,0,-0.006138033321608815
scia,2004,0,0.012354306560834005
scia,2005,0,0.02699373267730734
scia,2006,0,0.030958430734822732
scia,2007,0,0.02130274569722797
scia,2008,0,0.0005418170539020287
scia,2009,0,-0.023792535204337065
scia,2010,0,-0.0415880915198255
scia,2011,0,-0.04378824423257181
scia,2012,0,-0.02594407143768934
scia,2013,0,0.009636675495856274
scia,2014,0,0.054014703071079015
scia,2015,0,0.0941067985743479
scia,2016,0,0.11678193714474636
scia,2017,0,0.11321240492256684
scia,2018,0,0.08199090372507681
scia,2019,1,0.05982204627523069
jtml,2018,1,0.0
jtml,2019,1,0.0
book qa,2019,1,0.0
book qa,2020,0,0.0
book qa,2021,3,0.0
reqa,2019,1,0.0
reqa,2020,1,0.0
reqa,2021,1,0.0
cler,2014,1,0.0
cler,2015,1,0.0
cler,2016,0,0.0
cler,2017,0,0.0
cler,2018,1,0.0
cler,2019,2,0.0
cler,2020,1,0.0
cler,2021,1,0.0
expert representation,2019,1,0.0
expert representation,2020,0,0.0
expert representation,2021,0,0.0
expert representation,2022,1,0.0
d-net,2019,1,0.0
d-net,2020,1,0.0
d2s,2019,1,0.0
d2s,2020,0,0.0
d2s,2021,1,0.0
reddit communities,2018,1,0.0
reddit communities,2019,1,0.0
auto-sizing,2015,1,0.0
auto-sizing,2016,0,0.0
auto-sizing,2017,0,0.0
auto-sizing,2018,0,0.0
auto-sizing,2019,1,0.0
gorilla,2016,1,0.0
gorilla,2017,0,0.0
gorilla,2018,0,0.0
gorilla,2019,1,0.0
loria,2006,1,-0.23977827627801496
loria,2007,1,-0.32002754783935305
loria,2008,0,-0.3200275478393531
loria,2009,0,-0.06042933827250341
loria,2010,0,0.2595982095668497
loria,2011,1,0.3924256576739238
loria,2012,1,0.2297485815279462
loria,2013,1,-0.11421650943554151
loria,2014,0,-0.38709905322132176
loria,2015,1,-0.3870990532213217
loria,2016,0,-0.11421650943554144
loria,2017,0,0.22974858152794625
loria,2018,0,0.3924256576739238
loria,2019,1,0.40027681940069115
reward,1982,1,-2.816923677333915
reward,1983,0,-2.5179742229092343
reward,1984,0,-1.746757519063359
reward,1985,0,-0.7778256495094054
reward,1986,0,0.1011536578812654
reward,1987,0,0.6648464930757934
reward,1988,0,0.81437677057054
reward,1989,0,0.5954360599790705
reward,1990,0,0.16701478846658402
reward,1991,0,-0.2654445293226504
reward,1992,0,-0.5269737451582567
reward,1993,0,-0.5323489407664305
reward,1994,0,-0.3077064493919066
reward,1995,0,0.030860246945692726
reward,1996,0,0.3310709103167777
reward,1997,0,0.4684318308933574
reward,1998,0,0.3953561312017285
reward,1999,0,0.1569667075905606
reward,2000,0,-0.13147322521068386
reward,2001,0,-0.33549459325871755
reward,2002,0,-0.3597226803090924
reward,2003,0,-0.18977011421613793
reward,2004,1,0.09957564905745916
reward,2005,1,0.3739118115395964
reward,2006,0,0.49557123132374786
reward,2007,0,0.3848084505958528
reward,2008,0,0.061141975759707035
reward,2009,0,-0.3530586879836868
reward,2010,1,-0.6707453998077992
reward,2011,0,-0.7081598658095032
reward,2012,0,-0.35856643214500056
reward,2013,0,0.35581291765101497
reward,2014,0,1.2746352323803967
reward,2015,2,2.1394271785326486
reward,2016,2,2.6716164367017123
reward,2017,4,2.6633641496523857
reward,2018,10,2.050383612614001
reward,2019,12,0.9411066392804477
reward,2020,11,-0.4091313117594906
reward,2021,16,-1.6716729982707523
reward,2022,7,-2.238269822142941
