Unique Word,Year,Count,Fitted Value,Area Ratio
gx,2010,1,1.0,0.0
gx,2011,0,0.8948393,0.356409660201613
gx,2012,0,0.64118034,0.6546377498750471
gx,2013,0,0.36787948,0.8450525410986011
gx,2014,0,0.16901329,0.9407566636236161
gx,2015,0,0.06217653,0.9813572517372229
gx,2016,0,0.01831564,0.9954339844402617
gx,2017,0,0.0043202406,0.9987554207514022
gx,2018,0,0.0008159874,1.0
archer,1993,2,2.0,0.0
archer,1994,0,1.9595973,0.1595773489911617
archer,1995,0,1.843221,0.31385689781970255
archer,1996,0,1.664415,0.455638899135551
archer,1997,0,1.4428446,0.5810209935887443
archer,1998,0,1.200746,0.6876993068674137
archer,1999,0,0.9593045,0.7746056744337287
archer,2000,0,0.73575896,0.8427989136551597
archer,2001,0,0.5417366,0.8940073806689426
archer,2002,1,0.38292584,0.931036066335167
archer,2003,0,0.25984523,0.9566971663658436
archer,2004,0,0.16927336,0.9737728917217365
archer,2005,0,0.105861,0.9847146965719918
archer,2006,1,0.063556105,0.9914006677371796
archer,2007,0,0.03663128,0.9953735243171801
archer,2008,0,0.02026846,0.9975957199735814
archer,2009,1,0.010766207,0.9988252412933795
archer,2010,2,0.0054900823,0.999452006165511
archer,2011,0,0.002687625,0.9997767350091225
archer,2012,0,0.0012630838,0.9999266988035508
archer,2013,0,0.000569861,1.0
word features,2017,1,0.73575896,0.0
word features,2018,1,1.2823607,0.10297834999094393
word features,2019,0,1.7896786,0.2604031149694172
word features,2020,2,2.0,0.4563043982687514
word features,2021,1,1.7896786,0.6543087779700795
word features,2022,0,1.2823607,0.8135911637793275
word features,2023,0,0.73575896,0.9147118929394966
word features,2024,0,0.33802658,0.968237765157183
word features,2025,0,0.12435306,0.9899669632715458
word features,2026,0,0.03663128,0.9971103379661918
word features,2027,0,0.008640481,0.9994756069336775
word features,2028,0,0.0016319748,0.9998213348523258
word features,2029,0,0.0002468196,1.0
simple system,2016,1,1.0,0.0
simple system,2017,0,0.8948393,0.356409660201613
simple system,2018,0,0.64118034,0.6546377498750471
simple system,2019,0,0.36787948,0.8450525410986011
simple system,2020,0,0.16901329,0.9407566636236161
simple system,2021,1,0.06217653,0.9813572517372229
simple system,2022,0,0.01831564,0.9954339844402617
simple system,2023,0,0.0043202406,0.9987554207514022
simple system,2024,0,0.0008159874,1.0
gulu,2003,2,0.24870612,0.0
gulu,2004,0,0.67605317,0.021942506333638697
gulu,2005,0,1.4715179,0.06998811017818271
gulu,2006,1,2.5647213,0.1645817554383081
gulu,2007,2,3.5793571,0.31216610324637833
gulu,2008,4,4.0,0.49435662594611135
gulu,2009,0,3.5793571,0.6785030533051402
gulu,2010,0,2.5647213,0.8266375659469266
gulu,2011,0,1.4715179,0.9206810463733358
gulu,2012,0,0.67605317,0.9704607439488674
gulu,2013,0,0.24870612,0.9906691565515185
gulu,2014,0,0.07326256,0.9973125799509917
gulu,2015,0,0.017280962,0.99951230821338
gulu,2016,0,0.0032639496,0.9998338392883662
gulu,2017,0,0.0004936392,1.0
dpr,2018,3,3.0,0.0
dpr,2019,0,2.8823686,0.221257260038932
dpr,2020,2,2.5564313,0.4284420021379676
dpr,2021,2,2.093029,0.6041868618781451
dpr,2022,2,1.5818772,0.7421503597613462
dpr,2023,0,1.1036384,0.8429560336469998
dpr,2024,0,0.71078324,0.9103388257660473
dpr,2025,0,0.4225753,0.9523125323181132
dpr,2026,0,0.23191419,0.9763632571329058
dpr,2027,0,0.11749172,0.9890277480881638
dpr,2028,0,0.054946918,0.9953412915215639
dpr,2029,0,0.023721159,0.9981039466029468
dpr,2030,0,0.009453332,0.9993354804424321
dpr,2031,0,0.00347769,0.9997698799798135
dpr,2032,0,0.0011810076,0.999950967381489
dpr,2033,0,0.00037022942,1.0
domain learning,2008,1,0.18652959,0.0
domain learning,2009,0,0.5070399,0.021942506995361277
domain learning,2010,0,1.1036384,0.06998811124575673
domain learning,2011,0,1.9235411,0.16458175545105594
domain learning,2012,1,2.6845179,0.31216610561108205
domain learning,2013,3,3.0,0.4943566256622357
domain learning,2014,1,2.6845179,0.6785030509761977
domain learning,2015,0,1.9235411,0.8266375632914597
domain learning,2016,0,1.1036384,0.920681045341523
domain learning,2017,0,0.5070399,0.9704607414935431
domain learning,2018,0,0.18652959,0.9906691565872797
domain learning,2019,1,0.054946918,0.9973125799016347
domain learning,2020,0,0.012960722,0.9995123082144108
domain learning,2021,1,0.0024479623,0.9998338392868119
domain learning,2022,1,0.00037022942,1.0
agent interactions,2014,1,1.0,0.0
agent interactions,2015,1,0.8948393,0.356409660201613
agent interactions,2016,0,0.64118034,0.6546377498750471
agent interactions,2017,0,0.36787948,0.8450525410986011
agent interactions,2018,1,0.16901329,0.9407566636236161
agent interactions,2019,0,0.06217653,0.9813572517372229
agent interactions,2020,0,0.01831564,0.9954339844402617
agent interactions,2021,0,0.0043202406,0.9987554207514022
agent interactions,2022,2,0.0008159874,1.0
mre,2014,1,1.0,0.0
mre,2015,0,0.8948393,0.356409660201613
mre,2016,1,0.64118034,0.6546377498750471
mre,2017,0,0.36787948,0.8450525410986011
mre,2018,1,0.16901329,0.9407566636236161
mre,2019,0,0.06217653,0.9813572517372229
mre,2020,0,0.01831564,0.9954339844402617
mre,2021,2,0.0043202406,0.9987554207514022
mre,2022,2,0.0008159874,1.0
japanese ccg,2013,1,1.0,0.0
japanese ccg,2014,0,0.9797987,0.1595890470592513
japanese ccg,2015,0,0.9216105,0.3138799055923238
japanese ccg,2016,1,0.8322075,0.4556723004603635
japanese ccg,2017,0,0.7214223,0.5810635862448291
japanese ccg,2018,0,0.600373,0.6877497197447285
japanese ccg,2019,0,0.47965226,0.7746624581187531
japanese ccg,2020,0,0.36787948,0.8428606963526424
japanese ccg,2021,0,0.2708683,0.8940729172834923
japanese ccg,2022,1,0.19146292,0.9311043173956511
japanese ccg,2023,1,0.12992261,0.956767298553551
japanese ccg,2024,0,0.08463668,0.9738442756722986
japanese ccg,2025,0,0.0529305,0.9847868826287359
japanese ccg,2026,0,0.031778052,0.9914733439195365
japanese ccg,2027,0,0.01831564,0.9954464917360255
japanese ccg,2028,0,0.01013423,0.9976688502939681
japanese ccg,2029,0,0.0053831036,0.9988984617457567
japanese ccg,2030,0,0.0027450412,0.999525272563871
japanese ccg,2031,0,0.0013438124,0.9998500252122402
japanese ccg,2032,0,0.0006315419,1.0
checkpoint,2011,1,1.0,0.0
checkpoint,2012,0,0.8948393,0.356409660201613
checkpoint,2013,0,0.64118034,0.6546377498750471
checkpoint,2014,0,0.36787948,0.8450525410986011
checkpoint,2015,0,0.16901329,0.9407566636236161
checkpoint,2016,0,0.06217653,0.9813572517372229
checkpoint,2017,0,0.01831564,0.9954339844402617
checkpoint,2018,0,0.0043202406,0.9987554207514022
checkpoint,2019,1,0.0008159874,1.0
nade,2017,1,1.0,0.0
nade,2018,0,0.9607895,0.22126810358326526
nade,2019,1,0.85214376,0.4284630109371927
nade,2020,0,0.6976763,0.6042164874757098
nade,2021,1,0.52729243,0.7421867452713348
nade,2022,0,0.36787948,0.8429973682751513
nade,2023,0,0.23692775,0.9103834652857924
nade,2024,0,0.14085843,0.9523592299646292
nade,2025,0,0.07730473,0.9764111334229026
nade,2026,0,0.039163906,0.9890762451654792
nade,2027,0,0.01831564,0.9953900981102488
nade,2028,0,0.0079070525,0.9981528886920763
nade,2029,0,0.0031511108,0.999384482861525
nade,2030,0,0.00115923,0.9998189037350907
nade,2031,0,0.00039366918,1.0
vita,2005,1,0.009453332,0.0
vita,2006,0,0.023721159,0.000624113981027404
vita,2007,0,0.054946918,0.001997758235143415
vita,2008,0,0.11749172,0.005143656875400125
vita,2009,0,0.23191419,0.011489929296129324
vita,2010,1,0.4225753,0.023563837418963025
vita,2011,0,0.71078324,0.0445131172566851
vita,2012,0,1.1036384,0.07831983262898141
vita,2013,0,1.5818772,0.12863530067708973
vita,2014,0,2.093029,0.19766836285578007
vita,2015,0,2.5564313,0.28554161314544957
vita,2016,0,2.8823686,0.3882931476627892
vita,2017,3,3.0,0.4998338148939814
vita,2018,1,2.8823686,0.6112368839714925
vita,2019,0,2.5564313,0.7141260166425132
vita,2020,4,2.093029,0.80202765269075
vita,2021,5,1.5818772,0.8710323291108731
vita,2022,5,1.1036384,0.9214519184553018
vita,2023,1,0.71078324,0.9551545125312778
vita,2024,0,0.4225753,0.976148341212184
vita,2025,0,0.23191419,0.9881777004918336
vita,2026,0,0.11749172,0.9945120506192346
vita,2027,0,0.054946918,0.9976698715528195
vita,2028,0,0.023721159,0.9990516582056385
vita,2029,0,0.009453332,0.999667629787963
vita,2030,0,0.00347769,0.9998849017473868
vita,2031,0,0.0011810076,0.9999754755422537
vita,2032,0,0.00037022942,1.0
t0,2006,1,1.4715179,0.0
t0,2007,2,2.5647213,0.10297834999094393
t0,2008,1,3.5793571,0.2604031149694172
t0,2009,4,4.0,0.4563043982687514
t0,2010,0,3.5793571,0.6543087779700795
t0,2011,0,2.5647213,0.8135911637793275
t0,2012,0,1.4715179,0.9147118929394966
t0,2013,0,0.67605317,0.968237765157183
t0,2014,0,0.24870612,0.9899669632715458
t0,2015,0,0.07326256,0.9971103379661918
t0,2016,0,0.017280962,0.9994756069336775
t0,2017,0,0.0032639496,0.9998213348523258
t0,2018,0,0.0004936392,1.0
usst,2017,1,1.0,0.0
usst,2018,0,0.8948393,0.356409660201613
usst,2019,0,0.64118034,0.6546377498750471
usst,2020,0,0.36787948,0.8450525410986011
usst,2021,0,0.16901329,0.9407566636236161
usst,2022,1,0.06217653,0.9813572517372229
usst,2023,0,0.01831564,0.9954339844402617
usst,2024,0,0.0043202406,0.9987554207514022
usst,2025,0,0.0008159874,1.0
query interface,2008,1,1.0,0.0
query interface,2009,0,0.8948393,0.356409660201613
query interface,2010,0,0.64118034,0.6546377498750471
query interface,2011,0,0.36787948,0.8450525410986011
query interface,2012,0,0.16901329,0.9407566636236161
query interface,2013,0,0.06217653,0.9813572517372229
query interface,2014,0,0.01831564,0.9954339844402617
query interface,2015,0,0.0043202406,0.9987554207514022
query interface,2016,0,0.0008159874,1.0
chronicles,2015,1,1.0,0.0
chronicles,2016,0,0.8948393,0.356409660201613
chronicles,2017,0,0.64118034,0.6546377498750471
chronicles,2018,0,0.36787948,0.8450525410986011
chronicles,2019,0,0.16901329,0.9407566636236161
chronicles,2020,0,0.06217653,0.9813572517372229
chronicles,2021,1,0.01831564,0.9954339844402617
chronicles,2022,0,0.0043202406,0.9987554207514022
chronicles,2023,0,0.0008159874,1.0
long-term,1990,1,1.0,0.0
long-term,1991,0,0.8948393,0.356409660201613
long-term,1992,0,0.64118034,0.6546377498750471
long-term,1993,0,0.36787948,0.8450525410986011
long-term,1994,0,0.16901329,0.9407566636236161
long-term,1995,0,0.06217653,0.9813572517372229
long-term,1996,0,0.01831564,0.9954339844402617
long-term,1997,0,0.0043202406,0.9987554207514022
long-term,1998,0,0.0008159874,1.0
castle,2010,1,1.0,0.0
castle,2011,0,0.8948393,0.356409660201613
castle,2012,0,0.64118034,0.6546377498750471
castle,2013,0,0.36787948,0.8450525410986011
castle,2014,0,0.16901329,0.9407566636236161
castle,2015,0,0.06217653,0.9813572517372229
castle,2016,0,0.01831564,0.9954339844402617
castle,2017,0,0.0043202406,0.9987554207514022
castle,2018,0,0.0008159874,1.0
lazy,1990,2,2.0,0.0
lazy,1991,1,1.7896786,0.3563781021367453
lazy,1992,0,1.2823607,0.6545797853951737
lazy,1993,0,0.73575896,0.844977716463114
lazy,1994,0,0.33802658,0.9406733649279562
lazy,1995,0,0.12435306,0.9812703580885175
lazy,1996,0,0.03663128,0.9953458443762837
lazy,1997,0,0.008640481,0.9986669865929755
lazy,1998,0,0.0016319748,0.9999114556411016
lazy,1999,0,0.0002468196,1.0
reference architecture,2000,1,1.0,0.0
reference architecture,2001,0,0.8948393,0.356409660201613
reference architecture,2002,0,0.64118034,0.6546377498750471
reference architecture,2003,0,0.36787948,0.8450525410986011
reference architecture,2004,0,0.16901329,0.9407566636236161
reference architecture,2005,0,0.06217653,0.9813572517372229
reference architecture,2006,0,0.01831564,0.9954339844402617
reference architecture,2007,0,0.0043202406,0.9987554207514022
reference architecture,2008,0,0.0008159874,1.0
logistics,1997,1,1.0,0.0
logistics,1998,0,0.8948393,0.356409660201613
logistics,1999,0,0.64118034,0.6546377498750471
logistics,2000,0,0.36787948,0.8450525410986011
logistics,2001,0,0.16901329,0.9407566636236161
logistics,2002,0,0.06217653,0.9813572517372229
logistics,2003,0,0.01831564,0.9954339844402617
logistics,2004,0,0.0043202406,0.9987554207514022
logistics,2005,0,0.0008159874,1.0
investment,2012,2,2.0,0.0
investment,2013,0,1.9595973,0.1595773489911617
investment,2014,0,1.843221,0.31385689781970255
investment,2015,1,1.664415,0.455638899135551
investment,2016,0,1.4428446,0.5810209935887443
investment,2017,1,1.200746,0.6876993068674137
investment,2018,1,0.9593045,0.7746056744337287
investment,2019,2,0.73575896,0.8427989136551597
investment,2020,1,0.5417366,0.8940073806689426
investment,2021,1,0.38292584,0.931036066335167
investment,2022,0,0.25984523,0.9566971663658436
investment,2023,0,0.16927336,0.9737728917217365
investment,2024,0,0.105861,0.9847146965719918
investment,2025,0,0.063556105,0.9914006677371796
investment,2026,0,0.03663128,0.9953735243171801
investment,2027,0,0.02026846,0.9975957199735814
investment,2028,0,0.010766207,0.9988252412933795
investment,2029,0,0.0054900823,0.999452006165511
investment,2030,0,0.002687625,0.9997767350091225
investment,2031,0,0.0012630838,0.9999266988035508
investment,2032,0,0.000569861,1.0
tâches,2011,1,1.0,0.0
tâches,2012,0,0.8948393,0.356409660201613
tâches,2013,0,0.64118034,0.6546377498750471
tâches,2014,0,0.36787948,0.8450525410986011
tâches,2015,0,0.16901329,0.9407566636236161
tâches,2016,0,0.06217653,0.9813572517372229
tâches,2017,0,0.01831564,0.9954339844402617
tâches,2018,0,0.0043202406,0.9987554207514022
tâches,2019,0,0.0008159874,1.0
vus,2006,1,1.0,0.0
vus,2007,0,0.8948393,0.356409660201613
vus,2008,0,0.64118034,0.6546377498750471
vus,2009,0,0.36787948,0.8450525410986011
vus,2010,0,0.16901329,0.9407566636236161
vus,2011,0,0.06217653,0.9813572517372229
vus,2012,0,0.01831564,0.9954339844402617
vus,2013,0,0.0043202406,0.9987554207514022
vus,2014,0,0.0008159874,1.0
attempts,1984,1,1.0,0.0
attempts,1985,0,0.8948393,0.356409660201613
attempts,1986,0,0.64118034,0.6546377498750471
attempts,1987,0,0.36787948,0.8450525410986011
attempts,1988,0,0.16901329,0.9407566636236161
attempts,1989,0,0.06217653,0.9813572517372229
attempts,1990,0,0.01831564,0.9954339844402617
attempts,1991,0,0.0043202406,0.9987554207514022
attempts,1992,0,0.0008159874,1.0
debias,2018,2,5.150313,0.0
debias,2019,8,8.976524,0.10297791839521261
debias,2020,8,12.52775,0.2604020218978605
debias,2021,14,14.0,0.4563024878899993
debias,2022,13,12.52775,0.6543060406362947
debias,2023,0,8.976524,0.8135877593879839
debias,2024,0,5.150313,0.9147080625341553
debias,2025,0,2.3661861,0.9682337138557856
debias,2026,0,0.8704714,0.9899628207962629
debias,2027,0,0.25641894,0.9971061656273902
debias,2028,0,0.060483366,0.999471424649228
debias,2029,0,0.011423823,0.9998171511135467
debias,2030,0,0.0017277373,0.9999958155109016
debias,2031,0,0.00020923483,1.0
delay,1996,1,0.054946918,0.0
delay,1997,1,0.09533416,0.0020235271723711245
delay,1998,0,0.1587915,0.0053417706319231805
delay,1999,0,0.25391003,0.010827723541343589
delay,2000,0,0.38976783,0.019383016059219237
delay,2001,0,0.57438874,0.032255904223641635
delay,2002,0,0.8126049,0.05080058458837326
delay,2003,0,1.1036384,0.07648417524196575
delay,2004,1,1.4389567,0.11063985892058928
delay,2005,0,1.8011191,0.15420707689704802
delay,2006,0,2.164267,0.2076566231161505
delay,2007,0,2.4966226,0.2704843738222398
delay,2008,1,2.7648315,0.3415483989622997
delay,2009,0,2.939396,0.4185656918335422
delay,2010,3,3.0,0.4988406993688082
delay,2011,0,2.939396,0.5790863808653122
delay,2012,3,2.7648315,0.6561329997753166
delay,2013,0,2.4966226,0.727188371566993
delay,2014,0,2.164267,0.7900247756214658
delay,2015,0,1.8011191,0.8434876065735809
delay,2016,1,1.4389567,0.887041539817027
delay,2017,1,1.1036384,0.9212172150685808
delay,2018,3,0.8126049,0.946880814149243
delay,2019,2,0.57438874,0.9654380842851445
delay,2020,1,0.38976783,0.9782983826783971
delay,2021,2,0.25391003,0.9868560409491146
delay,2022,0,0.1587915,0.9923396281056931
delay,2023,0,0.09533416,0.9956903646931321
delay,2024,0,0.054946918,0.9976813987376162
delay,2025,0,0.03040269,0.998795072749661
delay,2026,0,0.01614931,0.9994112587680432
delay,2027,0,0.008235123,0.9997253678019393
delay,2028,0,0.0040314374,0.9998881086739527
delay,2029,0,0.0018946256,0.9999632644268694
delay,2030,0,0.0008547915,1.0
third person,2015,1,1.0,0.0
third person,2016,0,0.8948393,0.356409660201613
third person,2017,0,0.64118034,0.6546377498750471
third person,2018,0,0.36787948,0.8450525410986011
third person,2019,0,0.16901329,0.9407566636236161
third person,2020,0,0.06217653,0.9813572517372229
third person,2021,1,0.01831564,0.9954339844402617
third person,2022,0,0.0043202406,0.9987554207514022
third person,2023,0,0.0008159874,1.0
first person,2012,1,1.0,0.0
first person,2013,0,0.8948393,0.356409660201613
first person,2014,0,0.64118034,0.6546377498750471
first person,2015,0,0.36787948,0.8450525410986011
first person,2016,0,0.16901329,0.9407566636236161
first person,2017,0,0.06217653,0.9813572517372229
first person,2018,0,0.01831564,0.9954339844402617
first person,2019,0,0.0043202406,0.9987554207514022
first person,2020,0,0.0008159874,1.0
label generation,2016,1,1.0,0.0
label generation,2017,0,0.8948393,0.356409660201613
label generation,2018,0,0.64118034,0.6546377498750471
label generation,2019,0,0.36787948,0.8450525410986011
label generation,2020,0,0.16901329,0.9407566636236161
label generation,2021,2,0.06217653,0.9813572517372229
label generation,2022,0,0.01831564,0.9954339844402617
label generation,2023,0,0.0043202406,0.9987554207514022
label generation,2024,0,0.0008159874,1.0
pie,1995,1,0.06080538,0.0
pie,1996,0,0.109893836,0.0011479235255257797
pie,1997,0,0.19066831,0.00309812585675074
pie,1998,0,0.317583,0.006464316408793706
pie,1999,0,0.50782007,0.011924783484984934
pie,2000,0,0.77953565,0.020490713057405185
pie,2001,1,1.1487775,0.03333100085136209
pie,2002,1,1.6252098,0.05186546006144338
pie,2003,0,2.2072768,0.0775216371191656
pie,2004,1,2.8779135,0.11161941889523841
pie,2005,2,3.6022382,0.15517627257918853
pie,2006,1,4.328534,0.20850717562742768
pie,2007,2,4.993245,0.27133483513250506
pie,2008,2,5.529663,0.34224341792013296
pie,2009,1,5.878792,0.41923940002011617
pie,2010,3,6.0,0.49937773542759595
pie,2011,0,5.878792,0.5795485648868233
pie,2012,3,5.529663,0.656523963501461
pie,2013,1,4.993245,0.7274531297744343
pie,2014,1,4.328534,0.790284321938756
pie,2015,4,3.6022382,0.8436116923277509
pie,2016,1,2.8779135,0.8871874150082635
pie,2017,2,2.2072768,0.9212663277877737
pie,2018,4,1.6252098,0.9469398876934665
pie,2019,3,1.1487775,0.9654569640555772
pie,2020,3,0.77953565,0.9783044065199844
pie,2021,8,0.50782007,0.9868631814219543
pie,2022,4,0.317583,0.9923225569261467
pie,2023,0,0.19066831,0.9956898390501885
pie,2024,0,0.109893836,0.9976593548747587
pie,2025,0,0.06080538,0.9987879649069392
pie,2026,0,0.03229862,0.999391005610139
pie,2027,0,0.016470246,0.9997136161248996
pie,2028,0,0.008062875,0.9998702797441051
pie,2029,0,0.0037892512,0.9999490345506967
pie,2030,0,0.001709583,0.9999835542904882
pie,2031,0,0.00074045884,1.0
ebook,1988,1,1.0,0.0
ebook,1989,0,0.8948393,0.356409660201613
ebook,1990,0,0.64118034,0.6546377498750471
ebook,1991,0,0.36787948,0.8450525410986011
ebook,1992,0,0.16901329,0.9407566636236161
ebook,1993,0,0.06217653,0.9813572517372229
ebook,1994,0,0.01831564,0.9954339844402617
ebook,1995,0,0.0043202406,0.9987554207514022
ebook,1996,0,0.0008159874,1.0
breadth,1997,1,1.0,0.0
breadth,1998,0,0.8948393,0.356409660201613
breadth,1999,0,0.64118034,0.6546377498750471
breadth,2000,0,0.36787948,0.8450525410986011
breadth,2001,0,0.16901329,0.9407566636236161
breadth,2002,0,0.06217653,0.9813572517372229
breadth,2003,0,0.01831564,0.9954339844402617
breadth,2004,0,0.0043202406,0.9987554207514022
breadth,2005,0,0.0008159874,1.0
19th-century,2014,1,1.0,0.0
19th-century,2015,0,0.8948393,0.356409660201613
19th-century,2016,0,0.64118034,0.6546377498750471
19th-century,2017,0,0.36787948,0.8450525410986011
19th-century,2018,0,0.16901329,0.9407566636236161
19th-century,2019,0,0.06217653,0.9813572517372229
19th-century,2020,1,0.01831564,0.9954339844402617
19th-century,2021,0,0.0043202406,0.9987554207514022
19th-century,2022,1,0.0008159874,1.0
legal,1985,2,0.0075785024,0.0
legal,1986,0,0.01612575,7.961061474637215e-05
legal,1987,0,0.032940492,0.0002351438910247686
legal,1988,0,0.06459724,0.0005544160768745113
legal,1989,1,0.12161076,0.0011597156546233264
legal,1990,0,0.21978767,0.0022832593971793677
legal,1991,0,0.38133663,0.0042542286111759775
legal,1992,1,0.635166,0.007616493657582759
legal,1993,0,1.0156401,0.013070592973555903
legal,1994,0,1.5590713,0.02162653332988877
legal,1995,0,2.297555,0.03445184733631757
legal,1996,0,3.2504196,0.05296469246277289
legal,1997,0,4.4145536,0.07859095039794814
legal,1998,0,5.755827,0.11264896881764705
legal,1999,0,7.2044764,0.15615502838522516
legal,2000,1,8.657068,0.20942373924402585
legal,2001,1,9.98649,0.2721781318535777
legal,2002,2,11.059326,0.3430040241229229
legal,2003,2,11.757584,0.4199102168431833
legal,2004,6,12.0,0.4999550983946045
legal,2005,0,11.757584,0.5800324361046174
legal,2006,2,11.059326,0.6569180693431014
legal,2007,0,9.98649,0.727764521094223
legal,2008,3,8.657068,0.7905224422433849
legal,2009,1,7.2044764,0.8437876245625755
legal,2010,0,5.755827,0.8873125311225094
legal,2011,2,4.4145536,0.9213517025498525
legal,2012,10,3.2504196,0.9469953230618738
legal,2013,0,2.297555,0.9654908056114831
legal,2014,3,1.5590713,0.9783232659448954
legal,2015,2,1.0156401,0.9868720599742448
legal,2016,5,0.635166,0.992325068991163
legal,2017,5,0.38133663,0.9956884243366246
legal,2018,9,0.21978767,0.9976556433971375
legal,2019,17,0.12161076,0.9987829372931772
legal,2020,26,0.06459724,0.9993852747564259
legal,2021,26,0.032940492,0.9997075090567759
legal,2022,50,0.01612575,0.9998639899816537
legal,2023,0,0.0075785024,0.9999426529478006
legal,2024,0,0.003419166,0.9999771324321665
legal,2025,0,0.0014809177,0.9999935589634041
legal,2026,0,0.000615766,1.0
bela,2010,1,0.054946918,0.0
bela,2011,0,0.18652959,0.007587069745321284
bela,2012,0,0.5070399,0.02740000251081292
bela,2013,0,1.1036384,0.07656094235495015
bela,2014,1,1.9235411,0.17078044866223882
bela,2015,1,2.6845179,0.31587190088361156
bela,2016,3,3.0,0.49883374713452633
bela,2017,0,2.6845179,0.6807425210750673
bela,2018,0,1.9235411,0.8268870456068139
bela,2019,0,1.1036384,0.9223080646922495
bela,2020,0,0.5070399,0.9702674917582398
bela,2021,0,0.18652959,0.9906133361367028
bela,2022,1,0.054946918,0.9976674942690527
bela,2023,0,0.012960722,0.9993319386443211
bela,2024,0,0.0024479623,0.9999556245527575
bela,2025,0,0.00037022942,1.0
institution,2000,2,2.0,0.0
institution,2001,0,1.9595973,0.1595773489911617
institution,2002,0,1.843221,0.31385689781970255
institution,2003,0,1.664415,0.455638899135551
institution,2004,1,1.4428446,0.5810209935887443
institution,2005,0,1.200746,0.6876993068674137
institution,2006,0,0.9593045,0.7746056744337287
institution,2007,1,0.73575896,0.8427989136551597
institution,2008,0,0.5417366,0.8940073806689426
institution,2009,0,0.38292584,0.931036066335167
institution,2010,1,0.25984523,0.9566971663658436
institution,2011,0,0.16927336,0.9737728917217365
institution,2012,0,0.105861,0.9847146965719918
institution,2013,1,0.063556105,0.9914006677371796
institution,2014,0,0.03663128,0.9953735243171801
institution,2015,0,0.02026846,0.9975957199735814
institution,2016,1,0.010766207,0.9988252412933795
institution,2017,0,0.0054900823,0.999452006165511
institution,2018,2,0.002687625,0.9997767350091225
institution,2019,0,0.0012630838,0.9999266988035508
institution,2020,2,0.000569861,1.0
australia,2007,1,0.9593045,0.0
australia,2008,0,1.200746,0.049054887743734704
australia,2009,0,1.4428446,0.10908602605858163
australia,2010,1,1.664415,0.1797297901320226
australia,2011,1,1.843221,0.259634454714031
australia,2012,1,1.9595973,0.3462329975877367
australia,2013,2,2.0,0.43649453261266236
australia,2014,1,1.9595973,0.5267230901670957
australia,2015,1,1.843221,0.6133546105112938
australia,2016,0,1.664415,0.6932495434298932
australia,2017,1,1.4428446,0.7639030391667432
australia,2018,0,1.200746,0.8240168519509325
australia,2019,0,0.9593045,0.8729890652253247
australia,2020,1,0.73575896,0.9114163283654537
australia,2021,0,0.5417366,0.9402725795042447
australia,2022,3,0.38292584,0.9611384463273293
australia,2023,0,0.25984523,0.9755986164937889
australia,2024,0,0.16927336,0.9852208810914392
australia,2025,0,0.105861,0.9913866479476432
australia,2026,0,0.063556105,0.9951542292540206
australia,2027,0,0.03663128,0.9973929556579966
australia,2028,0,0.02026846,0.9986451750599832
australia,2029,0,0.010766207,0.9993380170459586
australia,2030,0,0.0054900823,0.9996912024781711
australia,2031,0,0.002687625,0.9998741889569644
australia,2032,0,0.0012630838,0.999958694375035
australia,2033,0,0.000569861,1.0
usable information,2003,1,1.0,0.0
usable information,2004,0,0.8948393,0.356409660201613
usable information,2005,0,0.64118034,0.6546377498750471
usable information,2006,0,0.36787948,0.8450525410986011
usable information,2007,0,0.16901329,0.9407566636236161
usable information,2008,0,0.06217653,0.9813572517372229
usable information,2009,0,0.01831564,0.9954339844402617
usable information,2010,0,0.0043202406,0.9987554207514022
usable information,2011,0,0.0008159874,1.0
sign recognition,2018,1,1.0,0.0
sign recognition,2019,0,0.8948393,0.356409660201613
sign recognition,2020,0,0.64118034,0.6546377498750471
sign recognition,2021,0,0.36787948,0.8450525410986011
sign recognition,2022,2,0.16901329,0.9407566636236161
sign recognition,2023,0,0.06217653,0.9813572517372229
sign recognition,2024,0,0.01831564,0.9954339844402617
sign recognition,2025,0,0.0043202406,0.9987554207514022
sign recognition,2026,0,0.0008159874,1.0
friction,2003,1,1.0,0.0
friction,2004,0,0.8948393,0.356409660201613
friction,2005,0,0.64118034,0.6546377498750471
friction,2006,0,0.36787948,0.8450525410986011
friction,2007,0,0.16901329,0.9407566636236161
friction,2008,0,0.06217653,0.9813572517372229
friction,2009,0,0.01831564,0.9954339844402617
friction,2010,0,0.0043202406,0.9987554207514022
friction,2011,0,0.0008159874,1.0
regen,2003,1,0.008640481,0.0
regen,2004,0,0.03663128,0.002129566861155043
regen,2005,0,0.12435306,0.00876563581493722
regen,2006,0,0.33802658,0.029528348596432
regen,2007,0,0.73575896,0.0781402557079223
regen,2008,0,1.2823607,0.17190472752329009
regen,2009,0,1.7896786,0.31819540468648977
regen,2010,2,2.0,0.4987889116153038
regen,2011,0,1.7896786,0.6813211784554817
regen,2012,0,1.2823607,0.828157197907827
regen,2013,0,0.73575896,0.9213763274340491
regen,2014,2,0.33802658,0.9707196743096558
regen,2015,0,0.12435306,0.9907509473270342
regen,2016,0,0.03663128,0.997336136896423
regen,2017,0,0.008640481,0.9995165831419714
regen,2018,0,0.0016319748,0.9998352957926512
regen,2019,2,0.0002468196,1.0
tcu,2006,1,3.0,0.0
tcu,2007,0,2.6845179,0.35637810102411804
tcu,2008,0,1.9235411,0.6545797858427348
tcu,2009,0,1.1036384,0.844977719741626
tcu,2010,0,0.5070399,0.9406733632367279
tcu,2011,1,0.18652959,0.9812703592677524
tcu,2012,0,0.054946918,0.9953458443827555
tcu,2013,0,0.012960722,0.9986669865501537
tcu,2014,0,0.0024479623,0.9999114556357521
tcu,2015,0,0.00037022942,1.0
paic,2002,1,1.0,0.0
paic,2003,0,0.8948393,0.356409660201613
paic,2004,0,0.64118034,0.6546377498750471
paic,2005,0,0.36787948,0.8450525410986011
paic,2006,0,0.16901329,0.9407566636236161
paic,2007,0,0.06217653,0.9813572517372229
paic,2008,0,0.01831564,0.9954339844402617
paic,2009,0,0.0043202406,0.9987554207514022
paic,2010,0,0.0008159874,1.0
pickle,2018,1,1.0,0.0
pickle,2019,0,0.8948393,0.356409660201613
pickle,2020,0,0.64118034,0.6546377498750471
pickle,2021,0,0.36787948,0.8450525410986011
pickle,2022,1,0.16901329,0.9407566636236161
pickle,2023,0,0.06217653,0.9813572517372229
pickle,2024,0,0.01831564,0.9954339844402617
pickle,2025,0,0.0043202406,0.9987554207514022
pickle,2026,0,0.0008159874,1.0
image-based,2007,1,1.0,0.0
image-based,2008,0,0.8948393,0.356409660201613
image-based,2009,0,0.64118034,0.6546377498750471
image-based,2010,0,0.36787948,0.8450525410986011
image-based,2011,0,0.16901329,0.9407566636236161
image-based,2012,0,0.06217653,0.9813572517372229
image-based,2013,1,0.01831564,0.9954339844402617
image-based,2014,0,0.0043202406,0.9987554207514022
image-based,2015,0,0.0008159874,1.0
maturity,2009,1,1.0,0.0
maturity,2010,0,0.8948393,0.356409660201613
maturity,2011,1,0.64118034,0.6546377498750471
maturity,2012,0,0.36787948,0.8450525410986011
maturity,2013,0,0.16901329,0.9407566636236161
maturity,2014,0,0.06217653,0.9813572517372229
maturity,2015,0,0.01831564,0.9954339844402617
maturity,2016,0,0.0043202406,0.9987554207514022
maturity,2017,0,0.0008159874,1.0
sentiment analysis data,2018,1,1.9235411,0.0
sentiment analysis data,2019,0,2.6845179,0.17460138491504107
sentiment analysis data,2020,3,3.0,0.3956169363626877
sentiment analysis data,2021,1,2.6845179,0.6149904106700308
sentiment analysis data,2022,1,1.9235411,0.7912338727253754
sentiment analysis data,2023,0,1.1036384,0.9063071593254018
sentiment analysis data,2024,0,0.5070399,0.9641439855177155
sentiment analysis data,2025,0,0.18652959,0.9886801223534178
sentiment analysis data,2026,0,0.054946918,0.9971871071694048
sentiment analysis data,2027,0,0.012960722,0.999194349247312
sentiment analysis data,2028,0,0.0024479623,0.999946485285868
sentiment analysis data,2029,0,0.00037022942,1.0
version control,2010,1,1.0,0.0
version control,2011,0,0.8948393,0.356409660201613
version control,2012,0,0.64118034,0.6546377498750471
version control,2013,0,0.36787948,0.8450525410986011
version control,2014,0,0.16901329,0.9407566636236161
version control,2015,0,0.06217653,0.9813572517372229
version control,2016,0,0.01831564,0.9954339844402617
version control,2017,0,0.0043202406,0.9987554207514022
version control,2018,0,0.0008159874,1.0
lama,2016,1,1.0,0.0
lama,2017,0,0.8948393,0.356409660201613
lama,2018,1,0.64118034,0.6546377498750471
lama,2019,0,0.36787948,0.8450525410986011
lama,2020,0,0.16901329,0.9407566636236161
lama,2021,2,0.06217653,0.9813572517372229
lama,2022,1,0.01831564,0.9954339844402617
lama,2023,0,0.0043202406,0.9987554207514022
lama,2024,0,0.0008159874,1.0
current models,2016,1,1.3953526,0.0
current models,2017,1,1.7042875,0.10903934453787557
current models,2018,1,1.921579,0.23766492919273888
current models,2019,2,2.0,0.37643269261338425
current models,2020,1,1.921579,0.5154111904208846
current models,2021,0,1.7042875,0.6437763610734294
current models,2022,2,1.3953526,0.7530761196136234
current models,2023,0,1.0545849,0.8394468170672357
current models,2024,0,0.73575896,0.9019837231957551
current models,2025,0,0.4738555,0.9442018832665422
current models,2026,0,0.28171685,0.9702971301069273
current models,2027,0,0.15460946,0.985264966854391
current models,2028,0,0.07832781,0.993244544449592
current models,2029,0,0.03663128,0.9970858100329951
current models,2030,0,0.015814105,0.9988886782459053
current models,2031,0,0.0063022217,0.9996004048022495
current models,2032,0,0.00231846,0.9999051238750312
current models,2033,0,0.00078733836,1.0
character components,2017,2,2.0,0.0
character components,2018,0,1.7896786,0.3563781021367453
character components,2019,0,1.2823607,0.6545797853951737
character components,2020,0,0.73575896,0.844977716463114
character components,2021,0,0.33802658,0.9406733649279562
character components,2022,1,0.12435306,0.9812703580885175
character components,2023,0,0.03663128,0.9953458443762837
character components,2024,0,0.008640481,0.9986669865929755
character components,2025,0,0.0016319748,0.9999114556411016
character components,2026,0,0.0002468196,1.0
agriculture,2014,1,1.0,0.0
agriculture,2015,0,0.8948393,0.356409660201613
agriculture,2016,0,0.64118034,0.6546377498750471
agriculture,2017,0,0.36787948,0.8450525410986011
agriculture,2018,0,0.16901329,0.9407566636236161
agriculture,2019,0,0.06217653,0.9813572517372229
agriculture,2020,0,0.01831564,0.9954339844402617
agriculture,2021,1,0.0043202406,0.9987554207514022
agriculture,2022,0,0.0008159874,1.0
constructed language,2018,1,1.0,0.0
constructed language,2019,0,0.8948393,0.356409660201613
constructed language,2020,0,0.64118034,0.6546377498750471
constructed language,2021,0,0.36787948,0.8450525410986011
constructed language,2022,1,0.16901329,0.9407566636236161
constructed language,2023,0,0.06217653,0.9813572517372229
constructed language,2024,0,0.01831564,0.9954339844402617
constructed language,2025,0,0.0043202406,0.9987554207514022
constructed language,2026,0,0.0008159874,1.0
sbu,1993,1,1.0,0.0
sbu,1994,0,0.8948393,0.356409660201613
sbu,1995,0,0.64118034,0.6546377498750471
sbu,1996,0,0.36787948,0.8450525410986011
sbu,1997,0,0.16901329,0.9407566636236161
sbu,1998,0,0.06217653,0.9813572517372229
sbu,1999,0,0.01831564,0.9954339844402617
sbu,2000,0,0.0043202406,0.9987554207514022
sbu,2001,0,0.0008159874,1.0
stress rules,1983,1,1.0,0.0
stress rules,1984,0,0.8948393,0.356409660201613
stress rules,1985,0,0.64118034,0.6546377498750471
stress rules,1986,0,0.36787948,0.8450525410986011
stress rules,1987,0,0.16901329,0.9407566636236161
stress rules,1988,0,0.06217653,0.9813572517372229
stress rules,1989,0,0.01831564,0.9954339844402617
stress rules,1990,0,0.0043202406,0.9987554207514022
stress rules,1991,0,0.0008159874,1.0
ilab,1992,1,0.12711221,0.0
ilab,1993,0,0.211722,0.0034285269782127715
ilab,1994,0,0.33854672,0.008854088995549217
ilab,1995,0,0.51969045,0.017446639746236524
ilab,1996,0,0.7658517,0.03032683256461293
ilab,1997,0,1.0834732,0.048918892728996424
ilab,1998,0,1.4715179,0.07465480329030308
ilab,1999,1,1.918609,0.1088585537864109
ilab,2000,0,2.401492,0.152550772348745
ilab,2001,0,2.8856893,0.2060474138349442
ilab,2002,0,3.32883,0.2690703234426967
ilab,2003,0,3.686442,0.3401992712063815
ilab,2004,0,3.9191947,0.4174345370172084
ilab,2005,2,4.0,0.4978219258478809
ilab,2006,1,3.9191947,0.578241907033623
ilab,2007,0,3.686442,0.655456527802957
ilab,2008,0,3.32883,0.7266061206081347
ilab,2009,0,2.8856893,0.7896325751270452
ilab,2010,1,2.401492,0.8431256717020864
ilab,2011,1,1.918609,0.8868368180353914
ilab,2012,2,1.4715179,0.9210216407605283
ilab,2013,2,1.0834732,0.9467749884931472
ilab,2014,2,0.7658517,0.9653496114862185
ilab,2015,3,0.51969045,0.9782369812016938
ilab,2016,2,0.33854672,0.9868223550552822
ilab,2017,1,0.211722,0.9922986971509596
ilab,2018,1,0.12711221,0.9956764440508313
ilab,2019,4,0.07326256,0.997652080656835
ilab,2020,2,0.04053692,0.9987841981590719
ilab,2021,7,0.021532414,0.9993891129922747
ilab,2022,4,0.010980165,0.9997127261116154
ilab,2023,0,0.00537525,0.9998698766103526
ilab,2024,0,0.0025261675,0.9999488761627772
ilab,2025,0,0.001139722,0.999983503182745
ilab,2026,0,0.0004936392,1.0
kiqa,2015,1,1.0,0.0
kiqa,2016,0,0.8948393,0.356409660201613
kiqa,2017,0,0.64118034,0.6546377498750471
kiqa,2018,0,0.36787948,0.8450525410986011
kiqa,2019,0,0.16901329,0.9407566636236161
kiqa,2020,0,0.06217653,0.9813572517372229
kiqa,2021,0,0.01831564,0.9954339844402617
kiqa,2022,1,0.0043202406,0.9987554207514022
kiqa,2023,0,0.0008159874,1.0
narc,1988,1,1.0,0.0
narc,1989,0,0.8948393,0.356409660201613
narc,1990,0,0.64118034,0.6546377498750471
narc,1991,0,0.36787948,0.8450525410986011
narc,1992,0,0.16901329,0.9407566636236161
narc,1993,0,0.06217653,0.9813572517372229
narc,1994,0,0.01831564,0.9954339844402617
narc,1995,0,0.0043202406,0.9987554207514022
narc,1996,0,0.0008159874,1.0
chapters,2014,1,1.0,0.0
chapters,2015,0,0.8948393,0.356409660201613
chapters,2016,0,0.64118034,0.6546377498750471
chapters,2017,0,0.36787948,0.8450525410986011
chapters,2018,0,0.16901329,0.9407566636236161
chapters,2019,0,0.06217653,0.9813572517372229
chapters,2020,1,0.01831564,0.9954339844402617
chapters,2021,0,0.0043202406,0.9987554207514022
chapters,2022,1,0.0008159874,1.0
semantic word,2011,2,0.0915782,0.0
semantic word,2012,0,0.31088266,0.007587070332318838
semantic word,2013,1,0.8450664,0.02740000189944321
semantic word,2014,1,1.8393974,0.07656094114198665
semantic word,2015,2,3.2059016,0.17078044952539126
semantic word,2016,0,4.4741964,0.31587189798326926
semantic word,2017,5,5.0,0.49883374708853223
semantic word,2018,0,4.4741964,0.6807425216326299
semantic word,2019,0,3.2059016,0.8268870446516732
semantic word,2020,1,1.8393974,0.9223080613070103
semantic word,2021,3,0.8450664,0.9702674922776212
semantic word,2022,0,0.31088266,0.9906133345543238
semantic word,2023,0,0.0915782,0.9976674941770645
semantic word,2024,0,0.021601204,0.9993319386505174
semantic word,2025,0,0.004079937,0.9999556245600476
semantic word,2026,0,0.000617049,1.0
ad text,2014,1,1.0,0.0
ad text,2015,0,0.8948393,0.356409660201613
ad text,2016,0,0.64118034,0.6546377498750471
ad text,2017,0,0.36787948,0.8450525410986011
ad text,2018,0,0.16901329,0.9407566636236161
ad text,2019,0,0.06217653,0.9813572517372229
ad text,2020,0,0.01831564,0.9954339844402617
ad text,2021,0,0.0043202406,0.9987554207514022
ad text,2022,1,0.0008159874,1.0
cova,1997,1,1.0,0.0
cova,1998,0,0.9797987,0.1595890470592513
cova,1999,0,0.9216105,0.3138799055923238
cova,2000,0,0.8322075,0.4556723004603635
cova,2001,0,0.7214223,0.5810635862448291
cova,2002,0,0.600373,0.6877497197447285
cova,2003,0,0.47965226,0.7746624581187531
cova,2004,1,0.36787948,0.8428606963526424
cova,2005,0,0.2708683,0.8940729172834923
cova,2006,0,0.19146292,0.9311043173956511
cova,2007,1,0.12992261,0.956767298553551
cova,2008,0,0.08463668,0.9738442756722986
cova,2009,0,0.0529305,0.9847868826287359
cova,2010,1,0.031778052,0.9914733439195365
cova,2011,1,0.01831564,0.9954464917360255
cova,2012,0,0.01013423,0.9976688502939681
cova,2013,0,0.0053831036,0.9988984617457567
cova,2014,1,0.0027450412,0.999525272563871
cova,2015,2,0.0013438124,0.9998500252122402
cova,2016,0,0.0006315419,1.0
grada,1998,1,0.16927336,0.0
grada,1999,0,0.25984523,0.008761878807379865
grada,2000,1,0.38292584,0.021664924137755573
grada,2001,0,0.5417366,0.04042338281959224
grada,2002,0,0.73575896,0.06638962919763172
grada,2003,0,0.9593045,0.10089950248613422
grada,2004,0,1.200746,0.1449827654151889
grada,2005,1,1.4428446,0.1989582006312557
grada,2006,1,1.664415,0.26254516385284093
grada,2007,0,1.843221,0.3343107140882924
grada,2008,0,1.9595973,0.4122372337791301
grada,2009,2,2.0,0.49334408791946094
grada,2010,0,1.9595973,0.5744838261157013
grada,2011,0,1.843221,0.6523895159923924
grada,2012,0,1.664415,0.7241758960419904
grada,2013,0,1.4428446,0.7877664359016082
grada,2014,0,1.200746,0.8417382944796424
grada,2015,0,0.9593045,0.8858406545827896
grada,2016,1,0.73575896,0.9203314306971997
grada,2017,1,0.5417366,0.9463152703088397
grada,2018,2,0.38292584,0.9650561357570758
grada,2019,1,0.25984523,0.9780588471396695
grada,2020,0,0.16927336,0.9867210598948313
grada,2021,1,0.105861,0.9922464151282531
grada,2022,4,0.063556105,0.9956543927863895
grada,2023,0,0.03663128,0.9976477112952784
grada,2024,0,0.02026846,0.9987899612235236
grada,2025,0,0.010766207,0.9994002900307851
grada,2026,0,0.0054900823,0.9997267994802157
grada,2027,0,0.002687625,0.999885356472358
grada,2028,0,0.0012630838,0.9999650630689876
grada,2029,0,0.000569861,1.0
r3,2018,1,1.2823607,0.0
r3,2019,0,1.7896786,0.17460137647359814
r3,2020,2,2.0,0.39561693619920313
r3,2021,0,1.7896786,0.6149904112507796
r3,2022,1,1.2823607,0.7912338723984063
r3,2023,0,0.73575896,0.906307157318581
r3,2024,0,0.33802658,0.9641439865301662
r3,2025,0,0.12435306,0.9886801216376462
r3,2026,0,0.03663128,0.9971871071647326
r3,2027,0,0.008640481,0.9991943492729749
r3,2028,0,0.0016319748,0.9999464852890866
r3,2029,0,0.0002468196,1.0
cross-top,2014,1,0.12435306,0.0
cross-top,2015,0,0.33802658,0.021942506333638697
cross-top,2016,0,0.73575896,0.06998811017818271
cross-top,2017,0,1.2823607,0.1645817554383081
cross-top,2018,1,1.7896786,0.31216610324637833
cross-top,2019,2,2.0,0.49435662594611135
cross-top,2020,0,1.7896786,0.6785030533051402
cross-top,2021,3,1.2823607,0.8266375659469266
cross-top,2022,1,0.73575896,0.9206810463733358
cross-top,2023,0,0.33802658,0.9704607439488674
cross-top,2024,0,0.12435306,0.9906691565515185
cross-top,2025,0,0.03663128,0.9973125799509917
cross-top,2026,0,0.008640481,0.99951230821338
cross-top,2027,0,0.0016319748,0.9998338392883662
cross-top,2028,0,0.0002468196,1.0
inscription,1984,1,5.0,0.0
inscription,1985,0,4.8989935,0.15957249552805078
inscription,1986,0,4.6080523,0.3138473520871489
inscription,1987,0,4.1610374,0.4556250357856928
inscription,1988,0,3.6071115,0.5810033138557561
inscription,1989,0,3.0018651,0.6876783788815973
inscription,1990,0,2.3982613,0.7745821036300807
inscription,1991,0,1.8393974,0.8427732690088685
inscription,1992,0,1.3543415,0.8939801784872501
inscription,1993,0,0.9573146,0.931007737619215
inscription,1994,0,0.6496131,0.9566680575522862
inscription,1995,0,0.4231834,0.9737432637334623
inscription,1996,0,0.2646525,0.9846847356425619
inscription,1997,0,0.15889026,0.9913705031166317
inscription,1998,0,0.0915782,0.9953432389965536
inscription,1999,0,0.050671153,0.9975653671318354
inscription,2000,0,0.026915519,0.9987948510340613
inscription,2001,0,0.013725206,0.9994215968496754
inscription,2002,0,0.006719062,0.999746315822924
inscription,2003,0,0.0031577095,0.9998962750515034
inscription,2004,0,0.0014246524,0.9999695740215612
inscription,2005,0,0.000617049,1.0
ideation detection,2016,1,0.73575896,0.0
ideation detection,2017,0,1.2823607,0.10297834999094393
ideation detection,2018,0,1.7896786,0.2604031149694172
ideation detection,2019,2,2.0,0.4563043982687514
ideation detection,2020,1,1.7896786,0.6543087779700795
ideation detection,2021,2,1.2823607,0.8135911637793275
ideation detection,2022,1,0.73575896,0.9147118929394966
ideation detection,2023,0,0.33802658,0.968237765157183
ideation detection,2024,0,0.12435306,0.9899669632715458
ideation detection,2025,0,0.03663128,0.9971103379661918
ideation detection,2026,0,0.008640481,0.9994756069336775
ideation detection,2027,0,0.0016319748,0.9998213348523258
ideation detection,2028,0,0.0002468196,1.0
air travel,1989,1,1.7896786,0.0
air travel,1990,2,2.0,0.2614606504203921
air travel,1991,0,1.7896786,0.5325950811493401
air travel,1992,0,1.2823607,0.7479588678730518
air travel,1993,0,0.73575896,0.8846829823289797
air travel,1994,1,0.33802658,0.9570546665546007
air travel,1995,0,0.12435306,0.986434452427366
air travel,1996,0,0.03663128,0.9960929229255898
air travel,1997,0,0.008640481,0.9992909744795628
air travel,1998,0,0.0016319748,0.999758429015467
air travel,1999,0,0.0002468196,1.0
hft,2018,1,1.0,0.0
hft,2019,0,0.8948393,0.356409660201613
hft,2020,0,0.64118034,0.6546377498750471
hft,2021,0,0.36787948,0.8450525410986011
hft,2022,1,0.16901329,0.9407566636236161
hft,2023,0,0.06217653,0.9813572517372229
hft,2024,0,0.01831564,0.9954339844402617
hft,2025,0,0.0043202406,0.9987554207514022
hft,2026,0,0.0008159874,1.0
compass,2014,1,1.0,0.0
compass,2015,0,0.8948393,0.356409660201613
compass,2016,1,0.64118034,0.6546377498750471
compass,2017,0,0.36787948,0.8450525410986011
compass,2018,0,0.16901329,0.9407566636236161
compass,2019,0,0.06217653,0.9813572517372229
compass,2020,1,0.01831564,0.9954339844402617
compass,2021,2,0.0043202406,0.9987554207514022
compass,2022,5,0.0008159874,1.0
writing environment,1999,1,1.0,0.0
writing environment,2000,0,0.8948393,0.356409660201613
writing environment,2001,0,0.64118034,0.6546377498750471
writing environment,2002,0,0.36787948,0.8450525410986011
writing environment,2003,0,0.16901329,0.9407566636236161
writing environment,2004,0,0.06217653,0.9813572517372229
writing environment,2005,0,0.01831564,0.9954339844402617
writing environment,2006,0,0.0043202406,0.9987554207514022
writing environment,2007,0,0.0008159874,1.0
pepper,2016,1,1.0,0.0
pepper,2017,0,0.8948393,0.356409660201613
pepper,2018,0,0.64118034,0.6546377498750471
pepper,2019,0,0.36787948,0.8450525410986011
pepper,2020,0,0.16901329,0.9407566636236161
pepper,2021,0,0.06217653,0.9813572517372229
pepper,2022,1,0.01831564,0.9954339844402617
pepper,2023,0,0.0043202406,0.9987554207514022
pepper,2024,0,0.0008159874,1.0
imperfect,1993,1,1.0,0.0
imperfect,1994,0,0.9797987,0.1595890470592513
imperfect,1995,0,0.9216105,0.3138799055923238
imperfect,1996,0,0.8322075,0.4556723004603635
imperfect,1997,0,0.7214223,0.5810635862448291
imperfect,1998,0,0.600373,0.6877497197447285
imperfect,1999,0,0.47965226,0.7746624581187531
imperfect,2000,0,0.36787948,0.8428606963526424
imperfect,2001,0,0.2708683,0.8940729172834923
imperfect,2002,1,0.19146292,0.9311043173956511
imperfect,2003,0,0.12992261,0.956767298553551
imperfect,2004,1,0.08463668,0.9738442756722986
imperfect,2005,0,0.0529305,0.9847868826287359
imperfect,2006,0,0.031778052,0.9914733439195365
imperfect,2007,0,0.01831564,0.9954464917360255
imperfect,2008,0,0.01013423,0.9976688502939681
imperfect,2009,0,0.0053831036,0.9988984617457567
imperfect,2010,1,0.0027450412,0.999525272563871
imperfect,2011,1,0.0013438124,0.9998500252122402
imperfect,2012,0,0.0006315419,1.0
register variation,1997,1,1.0,0.0
register variation,1998,0,0.8948393,0.356409660201613
register variation,1999,0,0.64118034,0.6546377498750471
register variation,2000,0,0.36787948,0.8450525410986011
register variation,2001,0,0.16901329,0.9407566636236161
register variation,2002,0,0.06217653,0.9813572517372229
register variation,2003,0,0.01831564,0.9954339844402617
register variation,2004,0,0.0043202406,0.9987554207514022
register variation,2005,0,0.0008159874,1.0
run-time,2005,1,1.0,0.0
run-time,2006,0,0.9607895,0.22126810358326526
run-time,2007,0,0.85214376,0.4284630109371927
run-time,2008,0,0.6976763,0.6042164874757098
run-time,2009,1,0.52729243,0.7421867452713348
run-time,2010,0,0.36787948,0.8429973682751513
run-time,2011,0,0.23692775,0.9103834652857924
run-time,2012,0,0.14085843,0.9523592299646292
run-time,2013,0,0.07730473,0.9764111334229026
run-time,2014,0,0.039163906,0.9890762451654792
run-time,2015,0,0.01831564,0.9953900981102488
run-time,2016,0,0.0079070525,0.9981528886920763
run-time,2017,1,0.0031511108,0.999384482861525
run-time,2018,0,0.00115923,0.9998189037350907
run-time,2019,0,0.00039366918,1.0
alien,1973,1,0.06862603,0.0
alien,1974,0,0.13457759,0.0003276560894291155
alien,1975,0,0.25335577,0.0009247865570969575
alien,1976,0,0.457891,0.0020485913279184
alien,1977,0,0.7944513,0.00402001833941295
alien,1978,0,1.3232625,0.007383064318217967
alien,1979,0,2.115917,0.012838430485936353
alien,1980,0,3.2480655,0.021396358621426657
alien,1981,0,4.786573,0.03422465256873318
alien,1982,1,6.7717075,0.052741798025728454
alien,1983,0,9.196987,0.07837400892979647
alien,1984,0,11.991306,0.11243993953426071
alien,1985,0,15.009326,0.15595610514211458
alien,1986,0,18.035557,0.20923718713869555
alien,1987,0,20.805187,0.27200614938415285
alien,1988,0,23.04026,0.34284848877150825
alien,1989,0,24.494968,0.41977254104888617
alien,1990,5,25.0,0.49983602185929144
alien,1991,0,24.494968,0.5799319595328569
alien,1992,0,23.04026,0.6568354540882845
alien,1993,0,20.805187,0.7276983511975903
alien,1994,0,18.035557,0.7904708461767952
alien,1995,0,15.009326,0.8437483954396285
alien,1996,0,11.991306,0.8872834134001383
alien,1997,1,9.196987,0.9213304916519467
alien,1998,3,6.7717075,0.946980069566358
alien,1999,0,4.786573,0.9654798480130099
alien,2000,0,3.2480655,0.9783152896335828
alien,2001,1,2.115917,0.9868660700958067
alien,2002,2,1.3232625,0.9923203456755042
alien,2003,1,0.7944513,0.9956844822423301
alien,2004,1,0.457891,0.9976521582350818
alien,2005,1,0.25335577,0.9987797140246463
alien,2006,4,0.13457759,0.9993821914435181
alien,2007,1,0.06862603,0.9997045005817432
alien,2008,2,0.03359531,0.9998610178631565
alien,2009,2,0.015788548,0.9999396990858974
alien,2010,3,0.007123262,0.9999741865820017
alien,2011,2,0.003085245,0.9999906169257756
alien,2012,2,0.0012828457,0.9999970594579772
alien,2013,1,0.0005120729,1.0
army,2008,1,1.0,0.0
army,2009,1,0.9797987,0.1595890470592513
army,2010,0,0.9216105,0.3138799055923238
army,2011,0,0.8322075,0.4556723004603635
army,2012,1,0.7214223,0.5810635862448291
army,2013,0,0.600373,0.6877497197447285
army,2014,0,0.47965226,0.7746624581187531
army,2015,0,0.36787948,0.8428606963526424
army,2016,0,0.2708683,0.8940729172834923
army,2017,0,0.19146292,0.9311043173956511
army,2018,0,0.12992261,0.956767298553551
army,2019,1,0.08463668,0.9738442756722986
army,2020,0,0.0529305,0.9847868826287359
army,2021,0,0.031778052,0.9914733439195365
army,2022,1,0.01831564,0.9954464917360255
army,2023,0,0.01013423,0.9976688502939681
army,2024,0,0.0053831036,0.9988984617457567
army,2025,0,0.0027450412,0.999525272563871
army,2026,0,0.0013438124,0.9998500252122402
army,2027,0,0.0006315419,1.0
flin,1989,1,0.12435306,0.0
flin,1990,0,0.33802658,0.021942506333638697
flin,1991,0,0.73575896,0.06998811017818271
flin,1992,0,1.2823607,0.1645817554383081
flin,1993,0,1.7896786,0.31216610324637833
flin,1994,2,2.0,0.49435662594611135
flin,1995,0,1.7896786,0.6785030533051402
flin,1996,0,1.2823607,0.8266375659469266
flin,1997,0,0.73575896,0.9206810463733358
flin,1998,2,0.33802658,0.9704607439488674
flin,1999,1,0.12435306,0.9906691565515185
flin,2000,0,0.03663128,0.9973125799509917
flin,2001,0,0.008640481,0.99951230821338
flin,2002,0,0.0016319748,0.9998338392883662
flin,2003,1,0.0002468196,1.0
receptive,1994,1,1.0,0.0
receptive,1995,0,0.8948393,0.356409660201613
receptive,1996,0,0.64118034,0.6546377498750471
receptive,1997,0,0.36787948,0.8450525410986011
receptive,1998,0,0.16901329,0.9407566636236161
receptive,1999,0,0.06217653,0.9813572517372229
receptive,2000,0,0.01831564,0.9954339844402617
receptive,2001,0,0.0043202406,0.9987554207514022
receptive,2002,0,0.0008159874,1.0
reflex,1995,1,1.3953526,0.0
reflex,1996,0,1.7042875,0.10903934453787557
reflex,1997,0,1.921579,0.23766492919273888
reflex,1998,2,2.0,0.37643269261338425
reflex,1999,1,1.921579,0.5154111904208846
reflex,2000,0,1.7042875,0.6437763610734294
reflex,2001,1,1.3953526,0.7530761196136234
reflex,2002,0,1.0545849,0.8394468170672357
reflex,2003,1,0.73575896,0.9019837231957551
reflex,2004,0,0.4738555,0.9442018832665422
reflex,2005,0,0.28171685,0.9702971301069273
reflex,2006,1,0.15460946,0.985264966854391
reflex,2007,1,0.07832781,0.993244544449592
reflex,2008,2,0.03663128,0.9970858100329951
reflex,2009,0,0.015814105,0.9988886782459053
reflex,2010,0,0.0063022217,0.9996004048022495
reflex,2011,0,0.00231846,0.9999051238750312
reflex,2012,1,0.00078733836,1.0
flesh,1999,1,1.0,0.0
flesh,2000,0,0.8948393,0.356409660201613
flesh,2001,0,0.64118034,0.6546377498750471
flesh,2002,0,0.36787948,0.8450525410986011
flesh,2003,0,0.16901329,0.9407566636236161
flesh,2004,0,0.06217653,0.9813572517372229
flesh,2005,0,0.01831564,0.9954339844402617
flesh,2006,0,0.0043202406,0.9987554207514022
flesh,2007,0,0.0008159874,1.0
leaves,2014,1,1.0,0.0
leaves,2015,0,0.8948393,0.356409660201613
leaves,2016,0,0.64118034,0.6546377498750471
leaves,2017,0,0.36787948,0.8450525410986011
leaves,2018,0,0.16901329,0.9407566636236161
leaves,2019,1,0.06217653,0.9813572517372229
leaves,2020,0,0.01831564,0.9954339844402617
leaves,2021,0,0.0043202406,0.9987554207514022
leaves,2022,0,0.0008159874,1.0
suppression,2014,1,1.0,0.0
suppression,2015,0,0.8948393,0.356409660201613
suppression,2016,0,0.64118034,0.6546377498750471
suppression,2017,0,0.36787948,0.8450525410986011
suppression,2018,0,0.16901329,0.9407566636236161
suppression,2019,2,0.06217653,0.9813572517372229
suppression,2020,0,0.01831564,0.9954339844402617
suppression,2021,0,0.0043202406,0.9987554207514022
suppression,2022,0,0.0008159874,1.0
representation methods,2015,1,1.0,0.0
representation methods,2016,0,0.8948393,0.356409660201613
representation methods,2017,0,0.64118034,0.6546377498750471
representation methods,2018,0,0.36787948,0.8450525410986011
representation methods,2019,2,0.16901329,0.9407566636236161
representation methods,2020,1,0.06217653,0.9813572517372229
representation methods,2021,0,0.01831564,0.9954339844402617
representation methods,2022,0,0.0043202406,0.9987554207514022
representation methods,2023,0,0.0008159874,1.0
category prediction,1990,1,1.0,0.0
category prediction,1991,0,0.8948393,0.356409660201613
category prediction,1992,0,0.64118034,0.6546377498750471
category prediction,1993,0,0.36787948,0.8450525410986011
category prediction,1994,0,0.16901329,0.9407566636236161
category prediction,1995,0,0.06217653,0.9813572517372229
category prediction,1996,0,0.01831564,0.9954339844402617
category prediction,1997,0,0.0043202406,0.9987554207514022
category prediction,1998,0,0.0008159874,1.0
domino,1999,1,1.0,0.0
domino,2000,0,0.8948393,0.356409660201613
domino,2001,0,0.64118034,0.6546377498750471
domino,2002,0,0.36787948,0.8450525410986011
domino,2003,0,0.16901329,0.9407566636236161
domino,2004,0,0.06217653,0.9813572517372229
domino,2005,0,0.01831564,0.9954339844402617
domino,2006,0,0.0043202406,0.9987554207514022
domino,2007,0,0.0008159874,1.0
investors,2011,1,1.0,0.0
investors,2012,0,0.8948393,0.356409660201613
investors,2013,0,0.64118034,0.6546377498750471
investors,2014,0,0.36787948,0.8450525410986011
investors,2015,0,0.16901329,0.9407566636236161
investors,2016,0,0.06217653,0.9813572517372229
investors,2017,0,0.01831564,0.9954339844402617
investors,2018,0,0.0043202406,0.9987554207514022
investors,2019,0,0.0008159874,1.0
runner,2007,1,1.0,0.0
runner,2008,0,0.8948393,0.356409660201613
runner,2009,0,0.64118034,0.6546377498750471
runner,2010,0,0.36787948,0.8450525410986011
runner,2011,0,0.16901329,0.9407566636236161
runner,2012,0,0.06217653,0.9813572517372229
runner,2013,0,0.01831564,0.9954339844402617
runner,2014,0,0.0043202406,0.9987554207514022
runner,2015,0,0.0008159874,1.0
status quo,2004,1,1.0,0.0
status quo,2005,0,0.8948393,0.356409660201613
status quo,2006,0,0.64118034,0.6546377498750471
status quo,2007,0,0.36787948,0.8450525410986011
status quo,2008,0,0.16901329,0.9407566636236161
status quo,2009,0,0.06217653,0.9813572517372229
status quo,2010,0,0.01831564,0.9954339844402617
status quo,2011,0,0.0043202406,0.9987554207514022
status quo,2012,0,0.0008159874,1.0
echr,2004,1,1.0,0.0
echr,2005,0,0.8948393,0.356409660201613
echr,2006,0,0.64118034,0.6546377498750471
echr,2007,0,0.36787948,0.8450525410986011
echr,2008,0,0.16901329,0.9407566636236161
echr,2009,0,0.06217653,0.9813572517372229
echr,2010,0,0.01831564,0.9954339844402617
echr,2011,0,0.0043202406,0.9987554207514022
echr,2012,0,0.0008159874,1.0
cima,1999,1,1.0,0.0
cima,2000,0,0.8948393,0.356409660201613
cima,2001,0,0.64118034,0.6546377498750471
cima,2002,0,0.36787948,0.8450525410986011
cima,2003,0,0.16901329,0.9407566636236161
cima,2004,0,0.06217653,0.9813572517372229
cima,2005,0,0.01831564,0.9954339844402617
cima,2006,0,0.0043202406,0.9987554207514022
cima,2007,0,0.0008159874,1.0
scar,2000,2,0.18652959,0.0
scar,2001,0,0.5070399,0.021942506995361277
scar,2002,0,1.1036384,0.06998811124575673
scar,2003,0,1.9235411,0.16458175545105594
scar,2004,2,2.6845179,0.31216610561108205
scar,2005,3,3.0,0.4943566256622357
scar,2006,1,2.6845179,0.6785030509761977
scar,2007,1,1.9235411,0.8266375632914597
scar,2008,3,1.1036384,0.920681045341523
scar,2009,2,0.5070399,0.9704607414935431
scar,2010,0,0.18652959,0.9906691565872797
scar,2011,2,0.054946918,0.9973125799016347
scar,2012,2,0.012960722,0.9995123082144108
scar,2013,0,0.0024479623,0.9998338392868119
scar,2014,0,0.00037022942,1.0
richness,2006,2,2.0,0.0
richness,2007,1,1.7896786,0.3563781021367453
richness,2008,0,1.2823607,0.6545797853951737
richness,2009,0,0.73575896,0.844977716463114
richness,2010,0,0.33802658,0.9406733649279562
richness,2011,0,0.12435306,0.9812703580885175
richness,2012,0,0.03663128,0.9953458443762837
richness,2013,0,0.008640481,0.9986669865929755
richness,2014,0,0.0016319748,0.9999114556411016
richness,2015,0,0.0002468196,1.0
imprint,2009,1,1.0,0.0
imprint,2010,0,0.8948393,0.356409660201613
imprint,2011,0,0.64118034,0.6546377498750471
imprint,2012,0,0.36787948,0.8450525410986011
imprint,2013,0,0.16901329,0.9407566636236161
imprint,2014,0,0.06217653,0.9813572517372229
imprint,2015,0,0.01831564,0.9954339844402617
imprint,2016,0,0.0043202406,0.9987554207514022
imprint,2017,0,0.0008159874,1.0
capture,1994,1,0.010766207,0.0
capture,1995,0,0.02026846,0.0006257379376744424
capture,1996,0,0.03663128,0.0017268728175384518
capture,1997,0,0.063556105,0.003711412831813499
capture,1998,0,0.105861,0.0070594189176123425
capture,1999,0,0.16927336,0.012535898427385887
capture,2000,0,0.25984523,0.02107641731614112
capture,2001,0,0.38292584,0.03392707604097532
capture,2002,1,0.5417366,0.0524397323282811
capture,2003,0,0.73575896,0.07807897095540269
capture,2004,1,0.9593045,0.1121756731041504
capture,2005,0,1.200746,0.15566765644861716
capture,2006,0,1.4428446,0.20902490076335375
capture,2007,0,1.664415,0.27174415305124566
capture,2008,1,1.843221,0.3426854580996059
capture,2009,0,1.9595973,0.41956975113661504
capture,2010,2,2.0,0.4997061377147059
capture,2011,0,1.9595973,0.5798132460922542
capture,2012,2,1.843221,0.656726817329806
capture,2013,0,1.664415,0.7276594823706505
capture,2014,0,1.4428446,0.7903873746660581
capture,2015,1,1.200746,0.8437578800383242
capture,2016,2,0.9593045,0.8872366023252615
capture,2017,0,0.73575896,0.921353261357096
capture,2018,1,0.5417366,0.9469725431011308
capture,2019,0,0.38292584,0.9654977672684343
capture,2020,5,0.25984523,0.9783358581132707
capture,2021,0,0.16927336,0.9868787387028934
capture,2022,2,0.105861,0.9923528565117995
capture,2023,0,0.063556105,0.9956978068491594
capture,2024,0,0.03663128,0.9976854026118733
capture,2025,0,0.02026846,0.998797153459568
capture,2026,0,0.010766207,0.9994122754294117
capture,2027,0,0.0054900823,0.9997258420480352
capture,2028,0,0.002687625,0.9998883018954009
capture,2029,0,0.0012630838,0.9999633278613185
capture,2030,0,0.000569861,1.0
morbo,2006,1,1.0,0.0
morbo,2007,0,0.8948393,0.356409660201613
morbo,2008,0,0.64118034,0.6546377498750471
morbo,2009,0,0.36787948,0.8450525410986011
morbo,2010,0,0.16901329,0.9407566636236161
morbo,2011,0,0.06217653,0.9813572517372229
morbo,2012,0,0.01831564,0.9954339844402617
morbo,2013,0,0.0043202406,0.9987554207514022
morbo,2014,0,0.0008159874,1.0
unh,2003,1,1.0,0.0
unh,2004,0,0.8948393,0.356409660201613
unh,2005,0,0.64118034,0.6546377498750471
unh,2006,0,0.36787948,0.8450525410986011
unh,2007,0,0.16901329,0.9407566636236161
unh,2008,0,0.06217653,0.9813572517372229
unh,2009,0,0.01831564,0.9954339844402617
unh,2010,0,0.0043202406,0.9987554207514022
unh,2011,0,0.0008159874,1.0
inria,2015,1,1.0,0.0
inria,2016,0,0.8948393,0.356409660201613
inria,2017,0,0.64118034,0.6546377498750471
inria,2018,0,0.36787948,0.8450525410986011
inria,2019,1,0.16901329,0.9407566636236161
inria,2020,0,0.06217653,0.9813572517372229
inria,2021,0,0.01831564,0.9954339844402617
inria,2022,0,0.0043202406,0.9987554207514022
inria,2023,0,0.0008159874,1.0
wut,2004,1,1.0,0.0
wut,2005,0,0.8948393,0.356409660201613
wut,2006,0,0.64118034,0.6546377498750471
wut,2007,0,0.36787948,0.8450525410986011
wut,2008,0,0.16901329,0.9407566636236161
wut,2009,0,0.06217653,0.9813572517372229
wut,2010,0,0.01831564,0.9954339844402617
wut,2011,0,0.0043202406,0.9987554207514022
wut,2012,0,0.0008159874,1.0
cic,2002,1,0.063556105,0.0
cic,2003,0,0.105861,0.0034285835389288566
cic,2004,0,0.16927336,0.008854235062246972
cic,2005,0,0.25984523,0.017446927565012225
cic,2006,0,0.38292584,0.030327332869081104
cic,2007,0,0.5417366,0.04891969974834334
cic,2008,0,0.73575896,0.07465603487726744
cic,2009,0,0.9593045,0.10886034963570516
cic,2010,0,1.200746,0.15255328899247514
cic,2011,0,1.4428446,0.2060508130175518
cic,2012,0,1.664415,0.26907476231987865
cic,2013,0,1.843221,0.3402048835041739
cic,2014,0,1.9595973,0.4174414234720861
cic,2015,2,2.0,0.49783013846069907
cic,2016,2,1.9595973,0.5782514463420607
cic,2017,2,1.843221,0.6554673409278969
cic,2018,0,1.664415,0.7266181074942681
cic,2019,1,1.4428446,0.7896456017662338
cic,2020,2,1.200746,0.8431395808216716
cic,2021,4,0.9593045,0.8868514482616657
cic,2022,6,0.73575896,0.9210368349368794
cic,2023,0,0.5417366,0.9467906075247783
cic,2024,0,0.38292584,0.9653655369450658
cic,2025,0,0.25984523,0.9782531192646314
cic,2026,0,0.16927336,0.9868386347518998
cic,2027,0,0.105861,0.9923150671912825
cic,2028,0,0.063556105,0.9956928698141468
cic,2029,0,0.03663128,0.9976685390124042
cic,2030,0,0.02026846,0.9988006751912848
cic,2031,0,0.010766207,0.9994056000038216
cic,2032,0,0.0054900823,0.9997292184618369
cic,2033,0,0.002687625,0.9998863715530999
cic,2034,0,0.0012630838,0.9999653724087871
cic,2035,0,0.000569861,1.0
scia,1969,1,1.0,0.0
scia,1970,0,0.8948393,0.356409660201613
scia,1971,0,0.64118034,0.6546377498750471
scia,1972,0,0.36787948,0.8450525410986011
scia,1973,0,0.16901329,0.9407566636236161
scia,1974,0,0.06217653,0.9813572517372229
scia,1975,0,0.01831564,0.9954339844402617
scia,1976,0,0.0043202406,0.9987554207514022
scia,1977,0,0.0008159874,1.0
cler,2014,1,0.73575896,0.0
cler,2015,1,1.0545849,0.05481801189160114
cler,2016,0,1.3953526,0.12960798859530465
cler,2017,0,1.7042875,0.22467740961425134
cler,2018,1,1.921579,0.3364696443557272
cler,2019,2,2.0,0.45725199707755365
cler,2020,1,1.921579,0.5782177713262269
cler,2021,1,1.7042875,0.6899457904048023
cler,2022,0,1.3953526,0.7850794270866494
cler,2023,0,1.0545849,0.8602557921697254
cler,2024,0,0.73575896,0.914687415681954
cler,2025,0,0.4738555,0.9514337649437717
cler,2026,0,0.28171685,0.9741468593292766
cler,2027,0,0.15460946,0.9871747448622786
cler,2028,0,0.07832781,0.9941201054555255
cler,2029,0,0.03663128,0.9974635123330035
cler,2030,0,0.015814105,0.999032714423136
cler,2031,0,0.0063022217,0.9996521955320827
cler,2032,0,0.00231846,0.9999174205787542
cler,2033,0,0.00078733836,1.0
auto-sizing,2015,1,1.0,0.0
auto-sizing,2016,0,0.8948393,0.356409660201613
auto-sizing,2017,0,0.64118034,0.6546377498750471
auto-sizing,2018,0,0.36787948,0.8450525410986011
auto-sizing,2019,1,0.16901329,0.9407566636236161
auto-sizing,2020,0,0.06217653,0.9813572517372229
auto-sizing,2021,0,0.01831564,0.9954339844402617
auto-sizing,2022,0,0.0043202406,0.9987554207514022
auto-sizing,2023,0,0.0008159874,1.0
loria,2006,1,1.0,0.0
loria,2007,1,0.9797987,0.1595890470592513
loria,2008,0,0.9216105,0.3138799055923238
loria,2009,0,0.8322075,0.4556723004603635
loria,2010,0,0.7214223,0.5810635862448291
loria,2011,1,0.600373,0.6877497197447285
loria,2012,1,0.47965226,0.7746624581187531
loria,2013,1,0.36787948,0.8428606963526424
loria,2014,0,0.2708683,0.8940729172834923
loria,2015,1,0.19146292,0.9311043173956511
loria,2016,0,0.12992261,0.956767298553551
loria,2017,0,0.08463668,0.9738442756722986
loria,2018,0,0.0529305,0.9847868826287359
loria,2019,1,0.031778052,0.9914733439195365
loria,2020,0,0.01831564,0.9954464917360255
loria,2021,0,0.01013423,0.9976688502939681
loria,2022,0,0.0053831036,0.9988984617457567
loria,2023,0,0.0027450412,0.999525272563871
loria,2024,0,0.0013438124,0.9998500252122402
loria,2025,0,0.0006315419,1.0
reward,1982,1,2.0,0.0
reward,1983,0,1.7896786,0.3563781021367453
reward,1984,0,1.2823607,0.6545797853951737
reward,1985,0,0.73575896,0.844977716463114
reward,1986,0,0.33802658,0.9406733649279562
reward,1987,0,0.12435306,0.9812703580885175
reward,1988,0,0.03663128,0.9953458443762837
reward,1989,0,0.008640481,0.9986669865929755
reward,1990,0,0.0016319748,0.9999114556411016
reward,1991,0,0.0002468196,1.0
